<?xml version='1.0' encoding='UTF-8' standalone='yes' ?>
<set>
  <string>com.tencent.qqlive-PlayerArbiter</string>
  <string>com.mi.android.globalFileexplorer-fiid-sync</string>
  <string>com.sankuai.meituan-CIPS:Idle</string>
  <string>com.bilibili.app.in-fiid-sync</string>
  <string>com.netease.cloudmusic-com.netease.cloudmusic.module.player.NeteaseAudioPlayer</string>
  <string>com.tencent.mm-VFS:Maintenance</string>
  <string>com.xiaomi.shop-mishop:com.xiaomi.shop.wakeful.WakefulIntentService</string>
  <string>bin.mt.plus-bin.mt.plus:Task</string>
  <string>com.gstarmc.android-fiid-sync</string>
  <string>com.tencent.mm-PostLocationService</string>
  <string>com.xunmeng.pinduoduo-MicroMsg:WakerLock</string>
  <string>com.tencent.mm-MicroMsg.SyncService</string>
  <string>com.eg.android.AlipayGphone-bifrost.WakerLock</string>
  <string>com.tencent.qqlive-com.tencent.qqlivenetworkWakelock</string>
  <string>cn.gov.pbc.dcep-PushManager</string>
  <string>com.tencent.mm-Track Lock</string>
  <string>com.tencent.mm-MicroMsg.Alarm</string>
  <string>com.taobao.taobao-bifrost.WakerLock</string>
  <string>com.tencent.mm-MicroMsg.Voip.VoipVideoFragment</string>
  <string>com.mi.health-mifit:IHMActivityDataCallback</string>
  <string>com.tencent.mm-WxIndex</string>
  <string>com.jd.jdlite-MyWakelockTag</string>
  <string>asn.ark.miband6-fiid-sync</string>
  <string>com.tencent.mm-MicroMsg.Voip.NewVoipSmallWindow</string>
  <string>com.tencent.mm-MicroMsg.MMAutoAuth</string>
  <string>com.tencent.mm-MicroMsg.NetSceneSynCheck</string>
  <string>com.tencent.mm-WechatXposed</string>
  <string>com.android.bankabc-NetLockerWake</string>
  <string>com.tencent.qqlive-com.tencent.qqlive.pushServiceWakelock</string>
  <string>com.tencent.kg.android.lite-wnsservice:wakelock</string>
  <string>com.zhihu.android-fiid-sync</string>
  <string>com.tencent.qqlive-d</string>
  <string>com.tencent.mm-MicroMsg.CoreService</string>
  <string>com.tencent.qqlive-e</string>
  <string>com.tencent.qqlive-g</string>
  <string>bin.mt.plus-bin.mt.plus:AsyncTask</string>
  <string>com.jingdong.app.mall-MyWakelockTag</string>
  <string>com.tencent.mm-PlatformComm</string>
  <string>com.tencent.qqlive-a</string>
  <string>com.tencent.mobileqq-barz</string>
  <string>com.baidu.searchbox-DownloadManager</string>
  <string>com.smzdm.client.android-fiid-sync</string>
  <string>com.tencent.mm-StnCallBack</string>
  <string>eu.thedarken.sdm-wake:sdmservice</string>
  <string>com.tencent.mm-fiid-sync</string>
  <string>com.taobao.idlefish-fiid-sync</string>
  <string>com.tencent.mm-MicroMsg.JsApiSetKeepScreenOn</string>
  <string>com.android.bankabc-PushManager</string>
  <string>com.tencent.qqlive-</string>
  <string>com.tencent.mm-MicroMsg.NotifyReceiver</string>
  <string>com.tencent.mm-screen Lock</string>
</set>