<?xml version='1.0' encoding='UTF-8' standalone='yes' ?>
<set>
  <string>idm.internet.download.manager.plus</string>
  <string>com.xiaomi.barrage</string>
  <string>com.linroid.zlive</string>
  <string>com.xunmeng.pinduoduo</string>
  <string>com.miui.player</string>
  <string>com.hengye.share</string>
  <string>com.tencent.mobileqq</string>
  <string>com.ovital.ovitalMap</string>
  <string>com.yingyonghui.market</string>
  <string>com.miui.compass</string>
  <string>tiktokmod.tiktok</string>
  <string>com.qiyi.video</string>
  <string>com.coolapk.market</string>
  <string>com.yxer.packageinstalles</string>
  <string>com.miui.newhome</string>
  <string>gjzs.online</string>
  <string>com.miui.calculator</string>
  <string>io.github.qauxv</string>
  <string>com.heikeji.xianbao</string>
  <string>com.baidu.tieba</string>
  <string>com.xiachufang</string>
  <string>com.iudesk.android.photo.editor</string>
  <string>com.fankes.tsbattery</string>
  <string>com.ccb.longjiLife</string>
  <string>org.zwanoo.android.speedtest</string>
  <string>com.mxtech.videoplayer.ad</string>
  <string>com.xingin.xhs</string>
  <string>com.farplace.qingzhuo</string>
  <string>com.duokan.phone.remotecontroller</string>
  <string>com.aurora.store.nightly</string>
  <string>com.zalexdev.stryker</string>
  <string>com.smzdm.client.android</string>
  <string>com.honeybee.newapp</string>
  <string>com.greenpoint.android.mc10086.activity</string>
  <string>com.kingsoft.moffice_pro</string>
  <string>cn.gov.pbc.dcep</string>
  <string>com.sankuai.meituan</string>
  <string>dialog.box</string>
  <string>com.example.ourom</string>
  <string>com.sina.weibo</string>
  <string>io.github.vvb2060.mahoshojo</string>
  <string>com.sirhexs.doudouduo</string>
  <string>cn.litiaotiao.app</string>
  <string>com.lerist.fakelocation</string>
  <string>asn.ark.miband6</string>
  <string>cn.wps.moffice_eng.xiaomi.lite</string>
  <string>com.fkzhang.wechatxposed</string>
  <string>com.xiaomi.youpin</string>
  <string>com.gstarmc.android</string>
  <string>com.baidu.xin.aiqicha</string>
  <string>com.alicloud.databox</string>
  <string>com.miui.virtualsim</string>
  <string>com.github.tianma8023.xposed.smscode</string>
  <string>info.muge.appshare</string>
  <string>com.viewblocker.jrsen</string>
  <string>com.gsamlabs.bbm.pro</string>
  <string>com.sinovatech.gxmobile.ui</string>
  <string>com.xiaomi.smarthome</string>
  <string>com.taobao.idlefish</string>
  <string>com.jd.jdlite</string>
  <string>com.js.nowakelock</string>
  <string>com.android.bankabc</string>
  <string>com.tencent.qqlive</string>
  <string>com.jingdong.app.mall</string>
  <string>com.android.soundrecorder</string>
  <string>com.ss.android.ugc.aweme</string>
  <string>com.wandoujia.phoenix2</string>
  <string>com.cmcc.hebao</string>
  <string>make.more.r2d2.cellular_z</string>
  <string>com.unionpay</string>
  <string>com.zhilukeji.ebusiness.tzlmteam</string>
  <string>com.miui.cleanmaster</string>
  <string>com.ct.client</string>
  <string>com.xiaomi.vipaccount</string>
  <string>com.absinthe.libchecker</string>
  <string>com.yifeplayte.maxfreeform</string>
  <string>com.miui.mediaeditor</string>
  <string>com.shatyuka.zhiliao</string>
  <string>xzr.konabess</string>
  <string>com.viva.note</string>
  <string>com.mhook.dialog.beta</string>
  <string>com.xuexiaoyi.xxy</string>
  <string>chili.xposed.chimi</string>
  <string>com.netease.cloudmusic</string>
  <string>com.tencent.zebra</string>
  <string>com.miui.thirdappassistant</string>
  <string>com.lemon.lv</string>
  <string>com.xiaomi.scanner</string>
  <string>bin.mt.plus</string>
  <string>net.dinglisch.android.taskerm</string>
  <string>com.wifi.link.wfys</string>
  <string>com.gif.gifmaker</string>
  <string>com.taobao.litetao</string>
  <string>com.jy.xposed.skip</string>
  <string>com.tencent.kg.android.lite</string>
  <string>com.yxer.compo.module</string>
  <string>com.lt2333.simplicitytools</string>
  <string>com.mi.android.globalFileexplorer</string>
  <string>com.One.WoodenLetter</string>
  <string>com.god.vip</string>
  <string>com.ff19.mitlite</string>
  <string>com.bilibili.app.in</string>
  <string>com.miui.screenrecorder</string>
  <string>com.eg.android.AlipayGphone</string>
  <string>com.xiaomi.mibrain.speech</string>
  <string>com.zhihu.android</string>
  <string>com.didikee.gifparser</string>
  <string>com.themausoft.wpsapppro</string>
  <string>com.xayah.databackup</string>
  <string>player.normal.np</string>
  <string>com.arlosoft.macrodroid</string>
  <string>com.raincat.dolby_beta</string>
  <string>com.jd.jrapp</string>
  <string>com.miui.newmidrive</string>
  <string>com.alibaba.wireless</string>
  <string>com.xiaomi.shop</string>
  <string>com.MobileTicket</string>
  <string>com.koudai.weidian.buyer</string>
  <string>com.sky.xposed.rimet</string>
  <string>com.jd.pingou</string>
  <string>com.taobao.taobao</string>
  <string>com.yuk.miuiHomeR</string>
  <string>com.tencent.wemeet.app</string>
  <string>com.android.browser</string>
  <string>com.alibaba.android.rimet</string>
  <string>com.tooyoung.lanzou</string>
  <string>com.netease.cloudmusicnp</string>
  <string>com.mycp.videocompress</string>
  <string>com.ss.android.article.news</string>
  <string>com.quark.browser</string>
  <string>me.ele</string>
  <string>eu.thedarken.sdm</string>
  <string>mark.via</string>
  <string>com.omarea.vtools</string>
  <string>com.amazing.cloudisk.tv</string>
  <string>com.baidu.netdisk</string>
  <string>com.absinthe.anywhere_</string>
  <string>cn.wq.myandroidtoolspro</string>
  <string>com.byyoung.setting</string>
  <string>com.jd.jxj</string>
</set>