<?xml version='1.0' encoding='UTF-8' standalone='yes' ?>
<set>
  <string>com.autonavi.minimap/com.autonavi.lotuspool.remote.LotuspoolProxyService</string>
  <string>com.taobao.taobao/com.taobao.android.tmghklocal.plugin.HKLoginJsBridgeImpl</string>
  <string>com.tencent.mobileqq/cooperation.groupvideo.GVideoProxyUtilService</string>
  <string>com.tencent.mobileqq/com.tencent.mobileqq.servlet.NotificationClickReceiver</string>
  <string>com.sohu.inputmethod.sogou.xiaomi/com.lib.ac.ACReceiver</string>
  <string>com.autonavi.minimap/com.alipay.mobile.nebulacore.ui.H5TransLandscapeActivity</string>
  <string>com.taobao.taobao/com.taobao.keepalive.ToolService</string>
  <string>com.eg.android.AlipayGphone/com.alipay.mobileaix.service.MobileAixService</string>
  <string>com.eg.android.AlipayGphone/com.vivo.push.sdk.service.CommandClientService</string>
  <string>com.tencent.mobileqq/com.tencent.mobileqq.webprocess.WebCoreService</string>
  <string>com.eg.android.AlipayGphone/com.xiaomi.push.service.receivers.PingReceiver</string>
  <string>com.eg.android.AlipayGphone/com.alipay.mobile.healthcommon.stepcounter.APExtStepService</string>
  <string>com.tencent.mobileqq/com.tencent.sc.appwidget.QCenterWidgetProvider</string>
  <string>com.taobao.taobao/com.taobao.process.interaction.service.RemoteStubService$RemoteStubService4</string>
  <string>com.taobao.taobao/com.taobao.process.interaction.service.RemoteStubService$RemoteStubService3</string>
  <string>info.muge.appshare/com.umeng.union.component.UMUnionReceiver</string>
  <string>com.taobao.taobao/com.taobao.process.interaction.service.RemoteStubService$RemoteStubService2</string>
  <string>com.taobao.taobao/com.taobao.process.interaction.service.RemoteStubService$RemoteStubService1</string>
  <string>com.taobao.taobao/com.taobao.android.ultron.datamodel.imp.AccsService</string>
  <string>com.tencent.mobileqq/cooperation.qqfav.QfavPluginProxyService</string>
  <string>com.sohu.inputmethod.sogou.xiaomi/base.sogou.mobile.hotwordsbase.basefunction.notification.PromoteNotificationMsgReceiver</string>
  <string>com.taobao.taobao/com.taobao.process.interaction.service.RemoteStubService$RemoteStubService5</string>
  <string>com.tencent.mm/com.google.firebase.iid.FirebaseInstanceIdReceiver</string>
  <string>com.tencent.mm/androidx.profileinstaller.ProfileInstallReceiver</string>
  <string>com.eg.android.AlipayGphone/com.alipay.android.phone.inside.AlipayInsideService</string>
  <string>com.jingdong.app.mall/com.huawei.updatesdk.service.otaupdate.AppUpdateActivity</string>
  <string>com.jingdong.app.mall/com.jingdong.manto.preload.MantoMPReceiverSingleProcess</string>
  <string>com.taobao.taobao/com.taobao.message.container.ui.adapter.precompile.MDCUIAdapterExportCService</string>
  <string>com.tencent.mobileqq/cooperation.troop_homework.ipc.TroopHomeworkProxyService</string>
  <string>com.autonavi.minimap/com.sina.weibo.sdk.share.ShareTransActivity</string>
  <string>com.autonavi.minimap/com.amap.bundle.perfopt.enhanced.foregroundservice.MainAliveForegroundService</string>
  <string>com.sohu.inputmethod.sogou.xiaomi/com.lib.ac.ACService</string>
  <string>com.sohu.inputmethod.sogou.xiaomi/com.sogou.lib.common.notification.NotificationServiceImpl$NotificationReceiver</string>
  <string>com.taobao.taobao/com.alibaba.android.split.service.SplitInstallService</string>
  <string>com.eg.android.AlipayGphone/com.alipay.berserker.service.PreloadService$InnerService</string>
  <string>com.tencent.mobileqq/com.tencent.mobileqq.qqlive.verified.FaceVerifyBroadcastReceiver</string>
  <string>com.eg.android.AlipayGphone/com.alipay.mobile.nebulacore.GpuSandboxedProcessService0</string>
  <string>com.taobao.taobao/org.android.agoo.xiaomi.MiPushBroadcastReceiver</string>
  <string>com.taobao.taobao/com.taobao.tao.content.business.DynamicJsbridgeService</string>
  <string>com.tencent.mobileqq/com.tencent.biz.qcircleshadow.local.QCirclePluginShadowService</string>
  <string>com.taobao.taobao/com.taobao.search.weex.service.SearchWeexComponentService</string>
  <string>info.muge.appshare/androidx.work.impl.background.systemalarm.ConstraintProxyUpdateReceiver</string>
  <string>com.jingdong.app.mall/com.jingdong.manto.preload.MantoMPReceiver2</string>
  <string>com.jingdong.app.mall/com.jingdong.manto.preload.MantoMPReceiver1</string>
  <string>com.jingdong.app.mall/com.jingdong.manto.preload.MantoMPReceiver4</string>
  <string>com.jingdong.app.mall/com.jingdong.manto.preload.MantoMPReceiver3</string>
  <string>com.taobao.taobao/android.taobao.windvane.extra.jsbridge.WVACCSService</string>
  <string>com.eg.android.AlipayGphone/com.alipay.mobile.account.AccountProviderService</string>
  <string>com.jingdong.app.mall/com.jingdong.manto.preload.MantoMPReceiver0</string>
  <string>com.eg.android.AlipayGphone/com.alipay.mobile.logmonitor.ClientMonitorWakeupReceiver</string>
  <string>com.eg.android.AlipayGphone/com.alipay.mobile.clean.RestoreService</string>
  <string>com.sohu.inputmethod.sogou.xiaomi/com.sohu.inputmethod.settings.status.SogouStatusService</string>
  <string>com.eg.android.AlipayGphone/com.alipay.mobile.nebulacore.SandboxedProcessService0</string>
  <string>com.taobao.taobao/com.taobao.umipublish.extension.windvane.UmiWvService</string>
  <string>com.jingdong.app.mall/com.xiaomi.mipush.sdk.MessageHandleService</string>
  <string>com.tencent.mm/com.tencent.mm.plugin.downloader.model.FileDownloadPendingReceive</string>
  <string>com.tencent.mobileqq/com.tencent.mobileqq.webprocess.WebCoreService$KernelService</string>
  <string>com.tencent.mobileqq/com.heytap.msp.push.service.DataMessageCallbackService</string>
  <string>com.taobao.taobao/com.meizu.cloud.pushsdk.NotificationService</string>
  <string>com.eg.android.AlipayGphone/com.alipay.mobile.clean.ProcResetService</string>
  <string>com.coolapk.market/androidx.work.impl.background.systemalarm.RescheduleReceiver</string>
  <string>com.tencent.mobileqq/cooperation.qqpim.QQPimPluginProxyService</string>
  <string>com.taobao.taobao/com.taobao.taobao.TaoMeizuPushReceiver</string>
  <string>com.taobao.taobao/com.taobao.android.behavix.internal.PythonReceiver</string>
  <string>com.coolapk.market/com.coolapk.market.service.DownloadListRemoteService</string>
  <string>com.autonavi.minimap/com.autonavi.minimap.intent.AmapActionBroadcastReceiver</string>
  <string>com.tencent.mm/com.tencent.mm.booter.MMReceivers$ExdeviceProcessReceiver</string>
  <string>com.tencent.mobileqq/com.tencent.av.service.QQServiceForAV</string>
  <string>com.taobao.taobao/com.taobao.message.weex.WXServiceToPullMsgBundle</string>
  <string>com.eg.android.AlipayGphone/com.alipay.android.launcher.service.LauncherService</string>
  <string>com.taobao.taobao/com.taobao.appbundle.fake.FakeReceiver</string>
  <string>com.autonavi.minimap/com.alipay.mobile.common.logging.process.LogServiceInlite1</string>
  <string>com.taobao.taobao/com.taobao.nativefence.service.NativeFenceService$NativeFenceInnerService</string>
  <string>com.taobao.taobao/com.taobao.wireless.link.controller.MessageServiceReceiver</string>
  <string>com.eg.android.AlipayGphone/com.alipay.mobile.rome.pushservice.integration.PushDistributerService</string>
  <string>com.taobao.taobao/com.taobao.wireless.link.notification.NotificationBroadcastReceiver</string>
  <string>com.taobao.taobao/com.taobao.fscrmid.architecture.module.ShortVideoH5Module</string>
  <string>com.tencent.mm/com.google.android.gms.measurement.AppMeasurementInstallReferrerReceiver</string>
  <string>com.sohu.inputmethod.sogou.xiaomi/com.sogou.theme.install.InstallThemeService</string>
  <string>com.autonavi.minimap/com.alipay.mobile.common.logging.process.LogServiceInlite4</string>
  <string>com.autonavi.minimap/com.alipay.mobile.common.logging.process.LogServiceInlite5</string>
  <string>com.jingdong.app.mall/com.jd.lib.link.bind.service.BindDeviceService</string>
  <string>com.taobao.taobao/com.taobao.android.tracker.wvplugin.DynamicJsbridgeService</string>
  <string>com.autonavi.minimap/com.alipay.mobile.common.logging.process.LogServiceInlite2</string>
  <string>com.autonavi.minimap/com.alipay.mobile.common.logging.process.LogServiceInlite3</string>
  <string>info.muge.appshare/com.xiaomi.push.service.receivers.PingReceiver</string>
  <string>com.taobao.taobao/com.taobao.calendar.sdk.aidl.CalendarServiceImpl</string>
  <string>com.taobao.taobao/com.taobao.wetao.service.DynamicJsbridgeService</string>
  <string>com.taobao.taobao/com.taobao.share.core.services.ShareChanelService</string>
  <string>com.autonavi.minimap/com.alipay.mobile.nebulacore.ui.H5TransActivity$H5TransActivity0</string>
  <string>com.tencent.mobileqq/com.tencent.mobileqq.contactsync.syncadapter.SyncService</string>
  <string>com.autonavi.minimap/com.alipay.mobile.nebulacore.ui.H5TransActivity$H5TransActivity2</string>
  <string>com.eg.android.AlipayGphone/com.alipay.pushsdk.deliver.PushReportIntentService</string>
  <string>com.autonavi.minimap/com.alipay.mobile.nebulacore.ui.H5TransActivity$H5TransActivity1</string>
  <string>com.tencent.mobileqq/com.tencent.tbs.one.optional.TBSOneStandaloneService</string>
  <string>com.jingdong.app.mall/com.letvcloud.cmf.MediaService</string>
  <string>com.eg.android.AlipayGphone/com.alipay.mobile.common.logging.process.LogServiceInPushProcess</string>
  <string>com.autonavi.minimap/com.alipay.mobile.nebulacore.ui.H5TransActivity$H5TransActivity4</string>
  <string>com.eg.android.AlipayGphone/com.alipay.mobile.rome.voicebroadcast.helper.VoiceNgFgService</string>
  <string>com.autonavi.minimap/com.alipay.mobile.nebulacore.ui.H5TransActivity$H5TransActivity3</string>
  <string>com.eg.android.AlipayGphone/com.alipay.mobile.rome.voicebroadcast.helper.VoiceHelperService</string>
  <string>com.autonavi.minimap/com.alipay.mobile.nebulacore.ui.H5TransActivity$H5TransActivity5</string>
  <string>com.eg.android.AlipayGphone/com.alipay.mobile.user.retention.notificaion.NotificationClickReceiver</string>
  <string>com.sohu.inputmethod.sogou.xiaomi/com.sogou.bu.networktrick.NetworkTrickForegroundService</string>
  <string>com.tencent.mobileqq/com.tencent.mobileqq.pushnotice.QQHuaweiPushService</string>
  <string>com.sohu.inputmethod.sogou.xiaomi/com.sogou.scrashly.engine.CrashSendService</string>
  <string>com.autonavi.minimap/com.heytap.msp.push.service.CompatibleDataMessageCallbackService</string>
  <string>com.tencent.mobileqq/com.tencent.proxyinner.plugin.loader.WNSProxyService</string>
  <string>com.autonavi.minimap/androidx.work.impl.background.systemalarm.SystemAlarmService</string>
  <string>com.eg.android.AlipayGphone/com.alipay.mobile.logmonitor.ClientMonitorExtReceiver</string>
  <string>com.sohu.inputmethod.sogou.xiaomi/com.kwai.koom.javaoom.analysis.HeapAnalyzeService</string>
  <string>info.muge.appshare/com.kwad.sdk.api.proxy.app.DownloadService</string>
  <string>com.tencent.mobileqq/com.tencent.mobileqq.webprocess.WebProcessReceiver</string>
  <string>com.tencent.mobileqq/com.tencent.qqmini.miniapp.receiver.WebProcessReceiver</string>
  <string>com.tencent.mobileqq/com.tencent.tmdownloader.TMAssistantDownloadService</string>
  <string>com.tencent.mobileqq/com.tencent.mm.plugin.appbrand.jsapi.nfc.hce.HCEService</string>
  <string>com.eg.android.AlipayGphone/alipay.webrtc.ScreenCaptureServiceInLite4</string>
  <string>com.eg.android.AlipayGphone/alipay.webrtc.ScreenCaptureServiceInLite3</string>
  <string>com.autonavi.minimap/com.alipay.android.app.MspService</string>
  <string>com.eg.android.AlipayGphone/alipay.webrtc.ScreenCaptureServiceInLite5</string>
  <string>com.eg.android.AlipayGphone/alipay.webrtc.ScreenCaptureServiceInLite2</string>
  <string>com.eg.android.AlipayGphone/alipay.webrtc.ScreenCaptureServiceInLite1</string>
  <string>com.autonavi.minimap/com.autonavi.bundle.routecommute.receiver.BasemapCommuteTypeReceiver</string>
  <string>com.autonavi.minimap/androidx.work.impl.background.systemalarm.ConstraintProxy$NetworkStateProxy</string>
  <string>com.eg.android.AlipayGphone/com.alipay.mobile.healthcommon.accountsync.SyncService</string>
  <string>com.taobao.taobao/com.taobao.nativefence.service.NativeFenceService</string>
  <string>com.tencent.mm/com.tencent.mm.booter.MMReceivers$SandBoxProcessReceiver</string>
  <string>com.autonavi.minimap/com.sina.weibo.sdk.web.WebActivity</string>
  <string>com.jingdong.app.mall/com.jd.lib.push.broadcastReceiver.MZMessageCenterReceiver</string>
  <string>com.eg.android.AlipayGphone/org.rome.android.ipp.binder.IppService</string>
  <string>com.taobao.taobao/com.taobao.msgnotification.AgooNotificationReceiver</string>
  <string>com.eg.android.AlipayGphone/com.alipay.android.phone.mobilecommon.dynamicrelease.DynamicReleaseRequestService</string>
  <string>com.sohu.inputmethod.sogou.xiaomi/com.sohu.inputmethod.settings.AutoUpgradeReceiver</string>
  <string>com.autonavi.minimap/com.alipay.mobile.nebulaappproxy.ipc.H5ProcessTransActivity</string>
  <string>com.tencent.mm/com.tencent.mm.plugin.talkroom.model.TalkRoomReceiver</string>
  <string>com.taobao.taobao/anetwork.channel.aidl.NetworkService</string>
  <string>com.eg.android.AlipayGphone/com.alipay.mobile.commonbiz.biz.LaunchReceiver</string>
  <string>com.eg.android.AlipayGphone/com.alipay.android.phone.wallet.shortcuts.bridge.ShortcutsBroadcastReceiver</string>
  <string>com.eg.android.AlipayGphone/com.alipay.android.phone.mobilesdk.apm.service.APMInnerService</string>
  <string>com.jingdong.app.mall/com.xiaomi.push.service.receivers.PingReceiver</string>
  <string>com.jingdong.app.mall/com.vivo.push.sdk.service.CommandClientService</string>
  <string>com.tencent.mm/com.tencent.mm.plugin.lite.LiteAppTaskPreloadReceiver</string>
  <string>com.tencent.mobileqq/com.tencent.mobileqq.msf.service.MSFAliveJobService</string>
  <string>com.autonavi.minimap/com.alipay.mobile.nebulacore.ui.H5TransActivity</string>
  <string>info.muge.appshare/com.umeng.message.component.UmengNotificationReceiver</string>
  <string>com.taobao.taobao/com.android.tools.ir.runtime.Dex2oatService</string>
  <string>com.autonavi.minimap/com.shenma.speechrecognition.ShenmaRecognitionService</string>
  <string>com.tencent.mobileqq/com.tencent.proxyinner.plugin.loader.ShadowPluginsProcessService</string>
  <string>com.taobao.taobao/com.taobao.accs.ChannelService</string>
  <string>com.eg.android.AlipayGphone/com.alipay.berserker.service.IriyaService1$InnerService</string>
  <string>com.autonavi.minimap/androidx.work.impl.background.systemalarm.ConstraintProxy$BatteryNotLowProxy</string>
  <string>com.tencent.mobileqq/com.tencent.mobileqq.mobilemp.MobileMpUploadService</string>
  <string>com.tencent.mobileqq/com.tencent.mobileqq.mini.app.AppBrandTaskPreloadReceiver</string>
  <string>com.tencent.mobileqq/cooperation.qqfav.QfavPluginProxyReceiver</string>
  <string>com.jingdong.app.mall/com.jingdong.jdpush_new.PushMessageReceiver</string>
  <string>com.autonavi.minimap/org.android.agoo.vivo.PushMessageReceiverImpl</string>
  <string>com.eg.android.AlipayGphone/com.alibaba.ariver.commonability.device.jsapi.nfc.service.TinyAppHostApduService</string>
  <string>com.jingdong.app.mall/com.jd.lib.jdflutter.DemoService</string>
  <string>com.jingdong.app.mall/com.jd.lib.link.service.devicesocket_service.DeviceService</string>
  <string>com.taobao.taobao/com.taobao.collection.receiver.AccCollectionService</string>
  <string>info.muge.appshare/androidx.work.impl.background.systemalarm.RescheduleReceiver</string>
  <string>com.eg.android.AlipayGphone/com.alipay.mobile.chatsdk.broadcastrecv.MsgIntentService</string>
  <string>com.autonavi.minimap/com.alipay.android.phone.mobilesdk.permission.utils.FakeReceiver</string>
  <string>com.tencent.mobileqq/com.tencent.luggage.wxa.standalone_open_runtime.app.WxaIPCContainerService1</string>
  <string>com.taobao.taobao/com.taobao.avplayer.service.DWH5PluginService</string>
  <string>com.tencent.mobileqq/com.tencent.mobileqq.nearby.ipc.ConnectNearbyProcService</string>
  <string>com.taobao.taobao/com.alibaba.ariver.commonability.device.jsapi.nfc.service.TinyAppHostApduService</string>
  <string>com.jingdong.app.mall/com.heytap.mcssdk.AppPushService</string>
  <string>com.tencent.mobileqq/com.tencent.mobileqq.emosm.web.MessengerService</string>
  <string>com.taobao.taobao/com.taobao.process.tbadapter.service.TBRemoteCallService</string>
  <string>com.tencent.mobileqq/com.tencent.luggage.wxa.standalone_open_runtime.app.WxaIPCContainerService0</string>
  <string>com.taobao.taobao/com.taobao.android.festival.accs.HomepageAccsMassService</string>
  <string>com.eg.android.AlipayGphone/com.alipay.dexaop.perf.DumpService</string>
  <string>com.autonavi.minimap/com.xiaomi.push.service.XMJobService</string>
  <string>com.taobao.taobao/com.taobao.tbliveweexvideo.TBLiveWeexService</string>
  <string>com.eg.android.AlipayGphone/com.alipay.mobile.rome.pushservice.integration.RecvMsgIntentService</string>
  <string>com.autonavi.minimap/com.alipay.sdk.app.H5AuthActivity</string>
  <string>com.tencent.mm/com.tencent.mars.comm.Alarm</string>
  <string>info.muge.appshare/com.qq.e.comm.DownloadService</string>
  <string>com.eg.android.AlipayGphone/com.alipay.mobile.base.notification.widget.ButtonBroadcastReceiver</string>
  <string>com.tencent.mobileqq/com.tencent.mobileqq.app.NotificationDeleteReceiver</string>
  <string>com.eg.android.AlipayGphone/com.alipay.mobile.rome.voicebroadcast.a11y.A11yService</string>
  <string>info.muge.appshare/org.android.agoo.xiaomi.MiPushBroadcastReceiver</string>
  <string>com.sohu.inputmethod.sogou.xiaomi/com.sohu.inputmethod.internet.networkmanager.nano.PushNotificationParser$PushNotiReceiver</string>
  <string>com.jingdong.app.mall/com.jingdong.app.mall.service.ADService</string>
  <string>com.taobao.taobao/com.taobao.android.miniLive.weex.TBLiveModuleRegisterService</string>
  <string>com.tencent.mobileqq/cooperation.weiyun.WeiyunProxyBroadcastReceiver</string>
  <string>com.eg.android.AlipayGphone/com.alipay.mobile.base.datatransfer.DataExportService</string>
  <string>com.taobao.taobao/com.taobao.geofence.aidl.FenceServiceImpl</string>
  <string>info.muge.appshare/com.kwad.sdk.api.proxy.app.FileDownloadService$SharedMainProcessService</string>
  <string>com.autonavi.minimap/com.taobao.accs.ChannelService$KernelService</string>
  <string>com.jingdong.app.mall/com.jdpaysdk.payment.quickpass.server.HceClientService</string>
  <string>com.eg.android.AlipayGphone/com.xiaomi.mipush.sdk.MessageHandleService</string>
  <string>com.taobao.taobao/com.taobao.pikachu.service.PikaJsBridgeService</string>
  <string>com.autonavi.minimap/com.alipay.android.phone.inside.InteractionService</string>
  <string>com.autonavi.minimap/org.android.agoo.accs.AgooService</string>
  <string>com.eg.android.AlipayGphone/com.alipay.mobile.appstoreapp.download.ExternalDownloadIntentService</string>
  <string>com.taobao.taobao/com.taobao.speech.service.NlsSearchSpeechService</string>
  <string>com.jingdong.app.mall/com.jingdong.manto.service.BackgroundAudioService</string>
  <string>com.taobao.taobao/com.taobao.interact.mediaplayer.service.MediaPlayerService</string>
  <string>com.taobao.taobao/com.taobao.android.uc.service.SandboxedProcessService0</string>
  <string>com.tencent.mobileqq/com.tencent.av.service.AVServiceForQQ</string>
  <string>com.eg.android.AlipayGphone/com.alipay.mobile.performance.sync.PerfSyncService</string>
  <string>com.taobao.taobao/androidx.work.impl.background.systemalarm.SystemAlarmService</string>
  <string>info.muge.appshare/com.alipay.sdk.app.H5AuthActivity</string>
  <string>com.eg.android.AlipayGphone/com.alipay.mobile.common.job.JobService</string>
  <string>com.taobao.taobao/com.taobao.search.common.jsbridge.ChiTuJSBridgeService</string>
  <string>com.taobao.taobao/com.taobao.detail.rate.jsbridge.RateJsBridgeService</string>
  <string>com.eg.android.AlipayGphone/com.alipay.berserker.service.LiteService3</string>
  <string>com.eg.android.AlipayGphone/com.alipay.berserker.service.LiteService2</string>
  <string>com.eg.android.AlipayGphone/com.alipay.berserker.service.LiteService1</string>
  <string>com.autonavi.minimap/com.amap.bundle.drive.hicar.ongoing.HicarOperationService</string>
  <string>com.taobao.taobao/com.taobao.tao.diagnose.DiagnoseService</string>
  <string>com.tencent.mobileqq/com.tencent.gamecenter.wadl.biz.service.WadlJsBridgeService</string>
  <string>com.tencent.mm/com.tencent.mm.plugin.report.service.KVCommCrossProcessReceiver</string>
  <string>com.taobao.taobao/com.taobao.slide.accs.SlideAccsService</string>
  <string>com.tencent.mobileqq/cooperation.troop_homework.TroopHomeworkProxyReceiver</string>
  <string>com.taobao.taobao/com.amap.api.location.APSService</string>
  <string>com.jingdong.app.mall/com.jdpaysdk.payment.quickpass.server.DownLoadService</string>
  <string>info.muge.appshare/com.qq.e.ads.RewardvideoPortraitADActivity</string>
  <string>com.jingdong.app.mall/com.xiaomi.push.service.XMPushService</string>
  <string>com.tencent.mm/com.tencent.mm.booter.ClickFlowReceiver</string>
  <string>com.tencent.mobileqq/com.tencent.mobileqq.statistics.ReportReceiver</string>
  <string>com.jingdong.app.mall/com.jd.sdk.filedownloader.service.server.FileDownloadService</string>
  <string>com.jingdong.app.mall/com.jingdong.app.mall.service.ForwardActionService</string>
  <string>com.tencent.mobileqq/com.tencent.av.smallscreen.SmallScreenService</string>
  <string>com.eg.android.AlipayGphone/com.alipay.pushsdk.push.AppInfoRecvIntentService</string>
  <string>com.autonavi.minimap/com.alipay.mobile.liteprocess.ipc.IpcMsgServer</string>
  <string>info.muge.appshare/com.taobao.accs.ChannelService$KernelService</string>
  <string>com.eg.android.AlipayGphone/com.alibaba.ariver.ipc.RemoteCallService</string>
  <string>com.autonavi.minimap/com.amap.bundle.perfopt.enhanced.foregroundservice.LocationAliveForegroundService</string>
  <string>com.taobao.taobao/com.tmall.wireless.brandweexcomponent.taobao.plugin.video.TBBwcJsBridgeService</string>
  <string>com.taobao.taobao/com.taobao.login4android.monitor.DelayLoginReceiver</string>
  <string>com.taobao.taobao/com.xiaomi.push.service.XMPushService</string>
  <string>com.taobao.taobao/com.taobao.calendar.bridge.jsbridge.DynamicJsbridgeService</string>
  <string>com.sohu.inputmethod.sogou.xiaomi/com.sogou.speech.offline.OfflineService</string>
  <string>com.tencent.mobileqq/com.tencent.proxyinner.plugin.loader.PluginToolProcessService</string>
  <string>com.jingdong.app.mall/com.jd.smart.jdlink.config.ble.core.BleService</string>
  <string>com.taobao.taobao/com.taobao.agoo.AgooCommondReceiver</string>
  <string>com.taobao.taobao/com.taobao.process.interaction.service.RemoteMessageService</string>
  <string>com.eg.android.AlipayGphone/com.alipay.pushsdk.push.TokenBindService</string>
  <string>com.taobao.taobao/com.alibaba.poplayer.layermanager.TableCanvasService</string>
  <string>com.eg.android.AlipayGphone/com.alipay.berserker.service.ControllerService</string>
  <string>com.jingdong.app.mall/com.jd.lib.mediamaker.editer.video.media.MusicService</string>
  <string>info.muge.appshare/com.qq.e.ads.LandscapeADActivity</string>
  <string>com.coolapk.market/androidx.work.impl.background.systemalarm.ConstraintProxy$BatteryNotLowProxy</string>
  <string>com.eg.android.AlipayGphone/com.alipay.pushsdk.BroadcastActionReceiver</string>
  <string>com.eg.android.AlipayGphone/com.alipay.android.phone.mobilesdk.permission.utils.FakeService</string>
  <string>com.tencent.mobileqq/com.tencent.mobileqq.music.QQPlayerService</string>
  <string>com.eg.android.AlipayGphone/com.alipay.mobile.rome.voicebroadcast.helper.VoiceHelperReceiver</string>
  <string>com.taobao.taobao/com.ali.user.open.ucc.remote.RemoteUccService</string>
  <string>com.autonavi.minimap/com.autonavi.minimap.app.WakeupReceiver</string>
  <string>com.tencent.mm/com.tencent.mm.sandbox.monitor.CrashUploadAlarmReceiver</string>
  <string>com.eg.android.AlipayGphone/com.xiaomi.push.service.receivers.NetworkStatusReceiver</string>
  <string>com.sohu.inputmethod.sogou.xiaomi/base.sogou.mobile.ServiceImpl.ExplorerCallbackService</string>
  <string>com.taobao.taobao/com.taobao.android.msoa.MSOADynamicJsbridgeService</string>
  <string>com.taobao.taobao/com.taobao.rewardservice.sdk.plugin.DynamicJsbridgeService</string>
  <string>com.eg.android.AlipayGphone/android.support.multidex.MultiDexPreloadReceiver</string>
  <string>com.tencent.mobileqq/com.tencent.aelight.camera.aioeditor.richmedia.RichmediaService</string>
  <string>com.tencent.mobileqq/com.huawei.hms.support.api.push.PushMsgReceiver</string>
  <string>com.eg.android.AlipayGphone/com.alipay.mobile.framework.service.test.RemoteTestService</string>
  <string>com.taobao.taobao/com.taobao.share.core.services.SharePasswordService</string>
  <string>com.taobao.taobao/com.taobao.share.core.services.ShareGenerateShortUrlService</string>
  <string>com.tencent.mobileqq/com.vivo.push.sdk.service.CommandClientService</string>
  <string>com.taobao.taobao/com.xiaomi.push.service.XMJobService</string>
  <string>info.muge.appshare/info.muge.appshare.view.settings.ad.AdSettingActivity</string>
  <string>com.autonavi.minimap/com.alipay.mobile.common.fgbg.FgBgMonitorService</string>
  <string>com.eg.android.AlipayGphone/alipay.webrtc.ScreenCaptureService</string>
  <string>com.tencent.mobileqq/com.tencent.mobileqq.guild.audio.AudioProcForegroundService</string>
  <string>com.taobao.taobao/com.taobao.accs.ChannelService$KernelService</string>
  <string>com.autonavi.minimap/com.alipay.mobile.common.logging.process.LinkTransactionService</string>
  <string>com.tencent.mm/com.tencent.mm.plugin.appbrand.task.AppBrandTaskPreloadReceiver</string>
  <string>com.taobao.taobao/com.taobao.nile.message.NileExportService</string>
  <string>com.eg.android.AlipayGphone/com.alipay.mobile.common.logging.process.LogServiceInlite1</string>
  <string>com.eg.android.AlipayGphone/com.alipay.mobile.common.logging.process.LogServiceInlite2</string>
  <string>com.eg.android.AlipayGphone/com.alipay.mobile.common.logging.process.LogServiceInlite3</string>
  <string>com.eg.android.AlipayGphone/com.alipay.mobile.common.logging.process.LogServiceInlite4</string>
  <string>com.eg.android.AlipayGphone/com.alipay.mobile.common.logging.process.LogServiceInlite5</string>
  <string>com.taobao.taobao/com.taobao.taobao.TaobaoIntentService</string>
  <string>com.taobao.taobao/com.taobao.taopai.workspace.app.ServiceHostService</string>
  <string>com.eg.android.AlipayGphone/com.alipay.mobile.common.fgbg.FgBgMonitorService</string>
  <string>com.autonavi.minimap/com.autonavi.miniapp.monitor.biz.logmonitor.ClientMonitorService</string>
  <string>com.taobao.taobao/androidx.work.impl.utils.ForceStopRunnable$BroadcastReceiver</string>
  <string>com.autonavi.minimap/com.autonavi.minimap.offline.receiver.SdCardReceiver</string>
  <string>com.eg.android.AlipayGphone/com.alipay.mobile.push.PushIntelligentLocalReceiver</string>
  <string>com.eg.android.AlipayGphone/com.alipay.mobile.logmonitor.ClientMonitorService</string>
  <string>com.jingdong.app.mall/com.huawei.hms.activity.BridgeActivity</string>
  <string>com.autonavi.minimap/androidx.work.impl.utils.ForceStopRunnable$BroadcastReceiver</string>
  <string>com.sohu.inputmethod.sogou.xiaomi/com.sohu.inputmethod.settings.status.BootCompletedReceiver</string>
  <string>info.muge.appshare/com.kwad.sdk.api.proxy.app.FileDownloadService$SeparateProcessService</string>
  <string>com.taobao.taobao/com.taobao.accs.data.MsgDistributeService</string>
  <string>com.taobao.taobao/com.taobao.android.evocation.jsbridge.DynamicJSBridgeService</string>
  <string>com.taobao.taobao/com.taobao.nile.message.NileMessageService</string>
  <string>com.tencent.mobileqq/com.tencent.proxyinner.plugin.loader.QTProxyService</string>
  <string>com.eg.android.AlipayGphone/com.alipay.android.launcher.notify.StartupSlowClickReceiver</string>
  <string>com.taobao.taobao/com.taobao.homeai.collaboration.domain.accs.AccsDataService</string>
  <string>com.autonavi.minimap/com.amap.bundle.lotuspool.internal.remote.LotusPoolProxyService</string>
  <string>info.muge.appshare/com.xiaomi.mipush.sdk.PushMessageHandler</string>
  <string>com.taobao.taobao/com.taobao.taobao.scancode.encode.aidlservice.EncodeService</string>
  <string>com.tencent.mobileqq/com.heytap.msp.push.service.CompatibleDataMessageCallbackService</string>
  <string>com.taobao.taobao/com.taobao.ugc.mini.service.MicroPublishService</string>
  <string>info.muge.appshare/info.muge.appshare.view.settings.ad.showRate.AdShowRateActivity</string>
  <string>com.taobao.taobao/com.alipay.android.msp.core.component.CertPayReceiver</string>
  <string>com.eg.android.AlipayGphone/com.alipay.mobile.quinox.classloader.DexOptServiceInToolsProcess</string>
  <string>com.tencent.mobileqq/kcsdk.shell.KcShellService</string>
  <string>com.taobao.taobao/com.taobao.android.tschedule.TScheduleStatusService</string>
  <string>com.sohu.inputmethod.sogou.xiaomi/com.sohu.inputmethod.settings.guide.SettingGuideService</string>
  <string>com.tencent.mobileqq/com.tencent.mobileqq.guild.audio.AudioForegroundService</string>
  <string>com.eg.android.AlipayGphone/com.alipay.mobile.clean.CleanMasterResetService</string>
  <string>com.taobao.taobao/com.taobao.adaemon.TriggerChannelService</string>
  <string>com.taobao.taobao/com.taobao.android.runtime.Dex2OatService</string>
  <string>com.taobao.taobao/com.taobao.taopai.windvane.TPJsBridgeService</string>
  <string>com.eg.android.AlipayGphone/alipay.webrtc.ScreenCaptureServiceInMainProcess</string>
  <string>com.eg.android.AlipayGphone/com.alipay.mobile.logmonitor.TraceStubReceiver</string>
  <string>com.autonavi.minimap/com.alipay.mobile.common.job.JobTriggerReceiver</string>
  <string>com.eg.android.AlipayGphone/mtopsdk.xstate.XStateService</string>
  <string>com.tencent.mm/com.tencent.mm.plugin.appbrand.task.AppBrandTaskPreloadReceiver2</string>
  <string>com.tencent.mm/com.tencent.mm.plugin.appbrand.task.AppBrandTaskPreloadReceiver3</string>
  <string>com.eg.android.AlipayGphone/com.alipay.android.launcher.service.WonderfulService$InnerService</string>
  <string>com.tencent.mm/com.tencent.mm.plugin.appbrand.task.AppBrandTaskPreloadReceiver1</string>
  <string>com.tencent.mm/com.tencent.mm.plugin.appbrand.task.AppBrandTaskPreloadReceiver4</string>
  <string>com.eg.android.AlipayGphone/com.alipay.mobile.liteprocess.LiteProcessService$LiteProcessService1</string>
  <string>com.autonavi.minimap/com.alipay.mobile.nebula.appcenter.apphandler.loadingview.H5LoadingActivity</string>
  <string>com.jingdong.app.mall/com.heytap.mcssdk.PushService</string>
  <string>com.jingdong.app.mall/com.jingdong.app.mall.hotfix.tinker.service.SampleResultService</string>
  <string>com.eg.android.AlipayGphone/com.alipay.mobile.liteprocess.LiteProcessService$LiteProcessService2</string>
  <string>com.sohu.inputmethod.sogou.xiaomi/com.sogou.explorer.ExplorerCommunicateService</string>
  <string>com.eg.android.AlipayGphone/com.alipay.mobile.liteprocess.LiteProcessService$LiteProcessService3</string>
  <string>com.coolapk.market/androidx.work.impl.utils.ForceStopRunnable$BroadcastReceiver</string>
  <string>com.eg.android.AlipayGphone/com.alipay.mobile.liteprocess.LiteProcessService$LiteProcessService4</string>
  <string>com.tencent.mobileqq/com.tencent.mobileqq.kandian.biz.ugc.KandianVideoUploadService</string>
  <string>com.eg.android.AlipayGphone/com.alipay.mobile.liteprocess.LiteProcessService$LiteProcessService5</string>
  <string>com.tencent.mobileqq/com.qzone.permissionsetting.business.QZonePermissionReciver</string>
  <string>com.eg.android.AlipayGphone/com.alipay.mobile.common.logging.process.LogServiceInMainProcess</string>
  <string>com.taobao.taobao/com.taobao.taopai.business.module.upload.UploadService</string>
  <string>com.autonavi.minimap/com.taobao.accs.ChannelService</string>
  <string>com.miui.player/com.tencent.qqmusiccommon.hybrid.HybridViewActivity</string>
  <string>com.autonavi.minimap/com.alipay.mobile.common.amnet.service.AmnetMainProcService</string>
  <string>info.muge.appshare/androidx.profileinstaller.ProfileInstallReceiver</string>
  <string>com.taobao.taobao/com.taobao.speech.service.SearchSpeechService</string>
  <string>com.jingdong.app.mall/com.jingdong.app.mall.update.InstallApkService</string>
  <string>com.eg.android.AlipayGphone/anetwork.channel.aidl.NetworkService</string>
  <string>com.taobao.taobao/com.taobao.geofence.service.GeofenceService</string>
  <string>com.taobao.taobao/com.vivo.push.sdk.service.CommandClientService</string>
  <string>com.tencent.mobileqq/com.qzone.preview.service.PictureProcessBootService</string>
  <string>com.tencent.mobileqq/com.tencent.minibox.loader.MiniBoxService</string>
  <string>com.taobao.taobao/com.taobao.bootimage.activity.BootImageActivity</string>
  <string>com.tencent.mobileqq/com.tencent.mobileqq.servlet.ClearPushReceiver</string>
  <string>com.taobao.taobao/com.taobao.calendar.bridge.service.CalendarServiceImpl</string>
  <string>com.taobao.taobao/com.taobao.android.service.TBLoginService</string>
  <string>com.jingdong.app.mall/com.jingdong.sdk.jdcrashreport.CrashService</string>
  <string>com.tencent.mm/com.tencent.mm.plugin.performance.elf.ElfCallUpReceiver</string>
  <string>com.taobao.taobao/com.taobao.browser.ipc.service.BrowserACCSService</string>
  <string>com.tencent.mm/com.tencent.mm.modelstat.WatchDogPushReceiver</string>
  <string>com.taobao.taobao/com.taobao.android.uc.service.GpuProcessService0</string>
  <string>com.taobao.taobao/com.taobao.speech.jsbridgeStatic.TBNlsService</string>
  <string>com.eg.android.AlipayGphone/com.alipay.pushsdk.push.alive.PushJobService</string>
  <string>com.jingdong.app.mall/com.huawei.updatesdk.support.pm.PackageInstallerActivity</string>
  <string>com.jingdong.app.mall/com.tencent.map.geolocation.s</string>
  <string>com.autonavi.minimap/com.ali.user.open.receiver.SessionSyncReceiver</string>
  <string>com.taobao.taobao/com.alibaba.emas.datalab.controller.DaiReceiver</string>
  <string>info.muge.appshare/com.qq.e.ads.RewardvideoLandscapeADActivity</string>
  <string>com.eg.android.AlipayGphone/com.alipay.pushsdk.thirdparty.oppo.OPPOQPushService</string>
  <string>com.tencent.mobileqq/com.tencent.mobileqq.richmedia.RichmediaService</string>
  <string>com.taobao.taobao/com.taobao.taopai.business.videomerge.VideoMergeService</string>
  <string>com.eg.android.AlipayGphone/com.alipay.mobile.systemshare.SystemShareBroadcastReceiver</string>
  <string>com.taobao.taobao/com.taobao.tao.flexbox.layoutmanager.actionservice.core.ActionServiceJsBridgeService</string>
  <string>com.taobao.taobao/com.tmall.wireless.brandweexcomponent.biz.picturebook.TMBwcPictureBookModuleService</string>
  <string>com.eg.android.AlipayGphone/com.alipay.mobile.base.network.NetworkStartMainProcService</string>
  <string>info.muge.appshare/com.alipay.sdk.app.H5PayActivity</string>
  <string>com.autonavi.minimap/org.android.agoo.xiaomi.MiPushBroadcastReceiver</string>
  <string>com.tencent.mobileqq/com.huawei.hms.support.api.push.PushReceiver</string>
  <string>com.autonavi.minimap/com.amap.bundle.webview.uc.SandboxedProcessService0</string>
  <string>com.tencent.mobileqq/com.tencent.open.downloadnew.common.DownloadReceiver</string>
  <string>com.jingdong.app.mall/com.meizu.cloud.pushsdk.NotificationService</string>
  <string>com.autonavi.minimap/androidx.room.MultiInstanceInvalidationService</string>
  <string>com.autonavi.minimap/com.taobao.accs.data.MsgDistributeService</string>
  <string>info.muge.appshare/com.kwad.sdk.api.proxy.app.ServiceProxyRemote</string>
  <string>com.jingdong.app.mall/com.jd.lib.incomingcall.service.DownloadIncomingStaffService</string>
  <string>com.jingdong.app.mall/com.xiaomi.mipush.sdk.PushMessageHandler</string>
  <string>com.taobao.taobao/com.alipay.android.msp.framework.offline.CashierOperationReceiver</string>
  <string>com.eg.android.AlipayGphone/com.alipay.android.launcher.service.WonderfulService</string>
  <string>com.taobao.taobao/com.taobao.calendar.sdk.alarm.CalendarAlarmService</string>
  <string>com.autonavi.minimap/com.alipay.sdk.app.H5PayActivity</string>
  <string>info.muge.appshare/androidx.work.impl.background.systemalarm.ConstraintProxy$BatteryChargingProxy</string>
  <string>com.tencent.mobileqq/com.tencent.gamecenter.wadl.api.impl.WadlProxyService</string>
  <string>com.taobao.taobao/com.taobao.share.core.share.ShareBusinessService</string>
  <string>com.eg.android.AlipayGphone/com.alipay.pushsdk.thirdparty.meizu.MeizuPushReceiver</string>
  <string>com.taobao.taobao/com.taobao.android.litecreator.modules.record.albumfilm.LCWvService</string>
  <string>com.taobao.taobao/com.taobao.alimama.AlimamaDynamicJsbridgeService</string>
  <string>com.eg.android.AlipayGphone/com.alipay.mobile.common.logging.process.LogReceiverInToolsProcess</string>
  <string>com.coolapk.market/androidx.work.impl.foreground.SystemForegroundService</string>
  <string>com.taobao.taobao/com.taobao.message.outter.MessageBoxAIDLService</string>
  <string>com.taobao.taobao/com.ali.user.open.laxin.LaxinService</string>
  <string>com.tencent.mobileqq/com.tencent.mobileqq.nearby.NearbyReceiver</string>
  <string>com.taobao.taobao/com.taobao.tbpoplayer.AccsPopLayerService</string>
  <string>com.taobao.taobao/com.taobao.keepalive.SupportService</string>
  <string>com.autonavi.minimap/com.alipay.mobile.nebulacore.ui.H5Activity$H5Activity1</string>
  <string>com.taobao.taobao/com.taobao.homeai.collaboration.adapter.PluginRegisterService</string>
  <string>com.eg.android.AlipayGphone/com.alipay.mobile.healthcommon.service.AlarmReceiver</string>
  <string>com.tencent.mobileqq/com.tencent.mobileqq.vas.comm.api.receiver.VasReceiver</string>
  <string>com.autonavi.minimap/com.alipay.mobile.nebulacore.ui.H5Activity$H5Activity2</string>
  <string>com.autonavi.minimap/com.alipay.mobile.nebulacore.ui.H5Activity$H5Activity5</string>
  <string>com.autonavi.minimap/com.alipay.mobile.nebulacore.ui.H5Activity$H5Activity3</string>
  <string>com.autonavi.minimap/com.alipay.mobile.nebulacore.ui.H5Activity$H5Activity4</string>
  <string>com.tencent.mobileqq/com.tencent.luggage.crash.WxaCrashUploaderService</string>
  <string>com.tencent.mobileqq/com.tencent.mobileqq.listentogether.player.QQMusicPlayService</string>
  <string>com.eg.android.AlipayGphone/com.alipay.mobile.rome.voicebroadcast.helper.VoiceHelperServiceV2</string>
  <string>com.taobao.taobao/com.alibaba.triver.TriverReceiver</string>
  <string>com.taobao.taobao/com.taobao.wireless.link.notification.NotificationService</string>
  <string>com.taobao.taobao/com.taobao.message.accounts.component.OfficialExportService</string>
  <string>com.taobao.taobao/com.taobao.orange.service.OrangeApiService</string>
  <string>com.autonavi.minimap/com.autonavi.minimap.offline.koala.internal.KoalaDownloadService</string>
  <string>com.eg.android.AlipayGphone/com.meizu.cloud.pushsdk.NotificationService</string>
  <string>com.taobao.taobao/com.taobao.accs.EventReceiver</string>
  <string>com.tencent.mobileqq/com.tencent.intervideo.sixgodcontainer.proxyactivitys.PluginDefaultProxyService</string>
  <string>com.taobao.taobao/com.taobao.linkmanager.afc.remote.HomePageReceiver</string>
  <string>com.tencent.mobileqq/com.tencent.qqmini.sdk.receiver.InternalAppBrandMainReceiver</string>
  <string>com.sohu.inputmethod.sogou.xiaomi/com.sogou.input.service.RequestBodyService</string>
  <string>com.jingdong.app.mall/com.jdjr.risk.identity.face.service.AysImgIntentService</string>
  <string>com.eg.android.AlipayGphone/com.alipay.berserker.service.IriyaService1</string>
  <string>com.eg.android.AlipayGphone/com.xiaomi.mipush.sdk.PushMessageHandler</string>
  <string>com.tencent.mobileqq/com.tencent.mobileqq.vashealth.PathTraceService$KernelService</string>
  <string>com.tencent.mobileqq/cooperation.weiyun.WeiyunBroadcastReceiver</string>
  <string>com.taobao.taobao/com.taobao.trtc.accs.TrtcAccsService</string>
  <string>com.taobao.taobao/com.alipay.mobile.common.amnet.service.AmnetMainProcService</string>
  <string>com.coolapk.market/androidx.work.impl.background.systemalarm.ConstraintProxy$BatteryChargingProxy</string>
  <string>com.autonavi.minimap/com.amap.bundle.drive.ucar.UCarMapAppService</string>
  <string>com.jingdong.app.mall/com.jingdong.manto.service.BackgroundAudioService3</string>
  <string>com.taobao.taobao/com.alibaba.triver.ipc.client.IpcMsgClientService$IpcMsgClientService1</string>
  <string>com.jingdong.app.mall/com.jingdong.manto.service.BackgroundAudioService4</string>
  <string>com.coolapk.market/androidx.work.impl.diagnostics.DiagnosticsReceiver</string>
  <string>com.tencent.mobileqq/com.tencent.mobileqq.contactsync.authenticator.AuthenticationService</string>
  <string>com.taobao.taobao/com.alibaba.triver.ipc.client.IpcMsgClientService$IpcMsgClientService5</string>
  <string>com.taobao.taobao/com.alibaba.triver.ipc.client.IpcMsgClientService$IpcMsgClientService4</string>
  <string>com.taobao.taobao/com.alibaba.triver.ipc.client.IpcMsgClientService$IpcMsgClientService3</string>
  <string>com.taobao.taobao/com.taobao.passivelocation.aidl.PassiveLocationServiceImpl</string>
  <string>com.taobao.taobao/com.alibaba.triver.ipc.client.IpcMsgClientService$IpcMsgClientService2</string>
  <string>com.autonavi.minimap/com.xiaomi.mipush.sdk.MessageHandleService</string>
  <string>com.taobao.taobao/com.taobao.android.interactive.shortvideo.weex.IctWXComponentService</string>
  <string>com.jingdong.app.mall/com.jingdong.manto.service.BackgroundAudioService1</string>
  <string>com.taobao.taobao/com.taobao.social.sdk.jsbridge.SocialJsBridgeService</string>
  <string>com.jingdong.app.mall/com.jingdong.manto.service.BackgroundAudioService2</string>
  <string>com.autonavi.minimap/com.autonavi.minimap.ajx3.Ajx3DebugService</string>
  <string>com.tencent.mobileqq/com.tencent.mobileqq.winkpublish.service.WinkPublishService</string>
  <string>com.autonavi.minimap/com.xiaomi.mipush.sdk.PushMessageHandler</string>
  <string>com.tencent.mobileqq/com.tencent.av.VideoMsgBroadcastReceiver</string>
  <string>com.tencent.mobileqq/com.tencent.luggage.wxa.standalone_open_runtime.app.WxaIPCMainService</string>
  <string>com.taobao.taobao/com.alipay.android.msp.framework.preload.LiveConnectReceiver</string>
  <string>com.autonavi.minimap/androidx.work.impl.background.systemalarm.RescheduleReceiver</string>
  <string>com.taobao.taobao/com.taobao.speech.hdjsbridge.NlsService</string>
  <string>com.taobao.taobao/com.taobao.nativefence.service.NativeFenceIntentService</string>
  <string>com.eg.android.AlipayGphone/com.alipay.mobile.uepbiz.UEPService</string>
  <string>com.autonavi.minimap/com.autonavi.minimap.route.bus.navi.BusRideRemindService</string>
  <string>com.eg.android.AlipayGphone/com.alipay.pushsdk.push.NotificationService$InnerService</string>
  <string>com.taobao.taobao/com.heytap.msp.push.service.DataMessageCallbackService</string>
  <string>com.taobao.taobao/com.taobao.android.evocation.service.EvocationSharedService</string>
  <string>com.taobao.taobao/com.taobao.process.tbadapter.service.TBRemoteStubService5</string>
  <string>com.coolapk.market/androidx.work.impl.background.systemalarm.ConstraintProxy$StorageNotLowProxy</string>
  <string>com.taobao.taobao/com.taobao.process.tbadapter.service.TBRemoteStubService2</string>
  <string>com.taobao.taobao/com.taobao.process.tbadapter.service.TBRemoteStubService1</string>
  <string>com.autonavi.minimap/com.alipay.mobile.common.job.JobService</string>
  <string>com.eg.android.AlipayGphone/com.alipay.android.phone.wallet.wasp.share.DataProviderService</string>
  <string>com.taobao.taobao/com.taobao.process.tbadapter.service.TBRemoteStubService4</string>
  <string>com.taobao.taobao/com.xiaomi.mipush.sdk.MessageHandleService</string>
  <string>com.sohu.inputmethod.sogou.xiaomi/com.sohu.inputmethod.internet.NotifyProgressService</string>
  <string>com.taobao.taobao/com.taobao.process.tbadapter.service.TBRemoteStubService3</string>
  <string>com.taobao.taobao/androidx.work.impl.background.systemalarm.RescheduleReceiver</string>
  <string>com.autonavi.minimap/com.autonavi.minimap.route.foot.footnavi.FootNaviService</string>
  <string>com.tencent.mobileqq/cooperation.groupvideo.GVideoProxyService</string>
  <string>com.coolapk.market/androidx.work.impl.background.systemjob.SystemJobService</string>
  <string>com.tencent.mobileqq/com.qzone.publish.business.publishqueue.PublishQueueService</string>
  <string>com.eg.android.AlipayGphone/com.alipay.mobile.rome.voicebroadcast.PushService</string>
  <string>com.taobao.taobao/com.taobao.browser.ipc.service.RemoteStubService</string>
  <string>com.sohu.inputmethod.sogou.xiaomi/com.sogou.inputmethod.oem.xiaomi.privacymodel.PrivacyModelSysService</string>
  <string>com.tencent.mobileqq/cooperation.plugin.PluginCrashReceiver</string>
  <string>com.autonavi.minimap/androidx.work.impl.background.systemalarm.ConstraintProxy$StorageNotLowProxy</string>
  <string>com.taobao.taobao/com.taobao.taopai.business.draft.DraftService</string>
  <string>com.taobao.taobao/com.taobao.android.shake.plugins.WVPluginsService</string>
  <string>com.autonavi.minimap/com.autonavi.bundle.amaphome.desktopwidget.ToolboxWidgetProvider</string>
  <string>com.eg.android.AlipayGphone/com.alipay.android.app.AlarmReciver</string>
  <string>com.sohu.inputmethod.sogou.xiaomi/com.sohu.inputmethod.settings.UpgradeTip</string>
  <string>com.taobao.taobao/com.taobao.message.init.accs.TaoFriendAccsReceiverCallback</string>
  <string>com.autonavi.minimap/com.amap.bundle.watchfamily.service.WatchmenService</string>
  <string>com.eg.android.AlipayGphone/com.alipay.android.launcher.service.LauncherService$InnerService</string>
  <string>com.taobao.taobao/com.taobao.share.core.services.ShareJSRegisterService</string>
  <string>com.tencent.mobileqq/com.tencent.mobileqq.app.compact.DFPluginOatService</string>
  <string>com.taobao.taobao/com.alipay.android.phone.inside.InteractionService</string>
  <string>com.jingdong.app.mall/com.huawei.updatesdk.service.deamon.download.DownloadService</string>
  <string>com.tencent.mobileqq/com.tencent.mobileqq.activity.PreloadWebService</string>
  <string>com.autonavi.minimap/com.autonavi.common.impl.BackgroundService</string>
  <string>com.jingdong.app.mall/androidx.room.MultiInstanceInvalidationService</string>
  <string>com.taobao.taobao/com.taobao.message.accounts.jsbridge.JsbridgeRegisterService</string>
  <string>com.tencent.mobileqq/com.tencent.mobileqq.pushnotice.proxy.VivoPushProcessor$VivoPushMsgReceiverImpl</string>
  <string>com.taobao.taobao/com.taobao.avplayer.service.DWWXComponentService</string>
  <string>com.jingdong.app.mall/com.jd.sec.logo.AlarmIntentService</string>
  <string>com.tencent.mobileqq/cooperation.qappcenter.QAppCenterPluginProxyService</string>
  <string>com.tencent.mobileqq/com.tencent.mobileqq.vashealth.PathTraceService</string>
  <string>com.tencent.mobileqq/com.tencent.mobileqq.vas.wallpaper.VipWallpaperService</string>
  <string>com.autonavi.minimap/com.amap.bundle.webview.uc.SandboxedPrivilegedProcessService0</string>
  <string>com.taobao.taobao/com.taobao.android.sso.v2.service.LoginAccsService</string>
  <string>com.sohu.inputmethod.sogou.xiaomi/com.sohu.inputmethod.settings.internet.upgrade.UpgradeReceiver</string>
  <string>com.autonavi.minimap/com.alipay.mobile.nebulaappproxy.activity.MiniProgramOpenSettingActivity</string>
  <string>info.muge.appshare/androidx.work.impl.background.systemalarm.ConstraintProxy$StorageNotLowProxy</string>
  <string>com.eg.android.AlipayGphone/com.alipay.mobile.rome.voicebroadcast.Push8Service</string>
  <string>com.taobao.taobao/com.taobao.android.favsdk.favtaobaouse.FavDynamicJsbridgeService</string>
  <string>com.autonavi.minimap/com.alipay.mobile.nebulacore.ui.H5NebulaAppActivity</string>
  <string>com.tencent.mm/com.tencent.mm.sandbox.monitor.ExceptionMonitorBroadcastReceiver</string>
  <string>com.tencent.mobileqq/com.tencent.avgame.ipc.AVGameUtilService</string>
  <string>com.taobao.taobao/com.taobao.browser.jsbridge.DynamicJsbridgeService</string>
  <string>com.sohu.inputmethod.sogou.xiaomi/com.sogou.passportsdk.service.PassportService</string>
  <string>com.tencent.mobileqq/com.tencent.mobileqq.microapp.app.AppBrandTaskPreloadReceiver</string>
  <string>info.muge.appshare/androidx.work.impl.background.systemalarm.ConstraintProxy$NetworkStateProxy</string>
  <string>com.tencent.mobileqq/com.qzone.common.webplugin.WebPluginHandleService</string>
  <string>com.sohu.inputmethod.sogou.xiaomi/com.sogou.inputmethod.bu.tradeline.alarm.HourAlarmReceiver</string>
  <string>com.taobao.taobao/com.xiaomi.push.service.receivers.NetworkStatusReceiver</string>
  <string>com.taobao.taobao/com.taobao.tao.powermsg.outter.PowerMsg4WXService</string>
  <string>com.autonavi.minimap/com.alipay.mobile.nebulacore.dev.ui.H5BugMeSettingsActivity</string>
  <string>com.tencent.mobileqq/com.tencent.minibox.loader.stub.StubService$StubServiceP03</string>
  <string>com.autonavi.minimap/com.autonavi.minimap.drive.car.navi.naviwidget.AutoNaviFloatViewWidgetService</string>
  <string>com.tencent.mobileqq/com.tencent.minibox.loader.stub.StubService$StubServiceP02</string>
  <string>com.tencent.mobileqq/com.tencent.minibox.loader.stub.StubService$StubServiceP01</string>
  <string>com.tencent.mobileqq/com.tencent.minibox.loader.stub.StubService$StubServiceP00</string>
  <string>com.taobao.taobao/com.taobao.taopai.business.draft.DraftUniService</string>
  <string>com.taobao.taobao/androidx.work.impl.background.systemalarm.ConstraintProxyUpdateReceiver</string>
  <string>com.tencent.mobileqq/com.tencent.mobileqq.qqlive.trtc.ipc.TRTCPreloadService</string>
  <string>com.eg.android.AlipayGphone/com.alipay.android.phone.mobilesdk.permission.utils.FakeReceiver</string>
  <string>com.eg.android.AlipayGphone/com.alipay.mobile.liteprocess.ipc.IpcMsgServer</string>
  <string>com.eg.android.AlipayGphone/com.alipay.mobile.rome.pushservice.direct.PushDirectReceiverForPush</string>
  <string>com.sohu.inputmethod.sogou.xiaomi/com.sohu.inputmethod.sogou.leakanalysis.LeakUploadService</string>
  <string>com.tencent.mobileqq/com.tencent.mobileqq.earlydownload.EarlyDownloadReceiver</string>
  <string>com.tencent.mobileqq/com.google.android.gms.auth.api.signin.RevocationBoundService</string>
  <string>com.autonavi.minimap/com.xiaomi.push.service.receivers.PingReceiver</string>
  <string>com.jingdong.app.mall/com.jingdong.manto.service.BackgroundAudioServiceSingleProcess</string>
  <string>com.autonavi.minimap/androidx.work.impl.background.systemalarm.ConstraintProxy$BatteryChargingProxy</string>
  <string>com.taobao.taobao/com.taobao.mytaobao.homepage.plugin.WXMytaobaoService</string>
  <string>com.eg.android.AlipayGphone/com.alipay.mobile.account.AccountProviderReceiver</string>
  <string>com.coolapk.market/androidx.work.impl.background.systemalarm.ConstraintProxy$NetworkStateProxy</string>
  <string>com.jingdong.app.mall/com.jingdong.app.mall.localreminder.JDReminderReceiver</string>
  <string>com.taobao.taobao/com.taobao.passivelocation.gathering.receiver.LocationChangedReceiver</string>
  <string>com.eg.android.AlipayGphone/com.xiaomi.push.service.XMPushService</string>
  <string>com.eg.android.AlipayGphone/com.alipay.mobile.healthcommon.stepcounter.APMainStepService</string>
  <string>com.sohu.inputmethod.sogou.xiaomi/com.sohu.inputmethod.settings.internet.notify.NetNotifyReceiver</string>
  <string>com.taobao.taobao/com.alisports.ldl.lesc.core.LeJobService</string>
  <string>com.tencent.mobileqq/com.tencent.mobileqq.app.CoreService</string>
  <string>com.taobao.taobao/com.taobao.live.ubee.core.accs.UbeeAccsService</string>
  <string>com.eg.android.AlipayGphone/com.alipay.mobile.clean.StubStickyService</string>
  <string>com.eg.android.AlipayGphone/com.alipay.mobile.aompdevice.nfc.service.TinyAppHostApduService</string>
  <string>com.tencent.mm/com.tencent.mm.booter.MMReceivers$ToolsProcessReceiver</string>
  <string>com.eg.android.AlipayGphone/com.alipay.mobile.mpass.badge.shortcut.broadcast.AddBadgeBroadcastReceiver</string>
  <string>com.tencent.mobileqq/com.tencent.zplan.engine.service.ZPlanEngineService</string>
  <string>com.coolapk.market/com.blankj.utilcode.util.MessengerUtils$ServerService</string>
  <string>com.jingdong.app.mall/com.jd.lib.push.broadcastReceiver.MIMessageCenterReceiver</string>
  <string>info.muge.appshare/com.taobao.accs.EventReceiver</string>
  <string>com.eg.android.AlipayGphone/com.alipay.pushsdk.deliver.PushDelayMsgIntentService</string>
  <string>com.taobao.taobao/com.alipay.android.phone.inside.transfer.LoginFreeService</string>
  <string>com.tencent.mobileqq/cooperation.qqdataline.ipc.DatalineProxyService</string>
  <string>com.tencent.mm/com.tencent.mm.crash.FirstCrashUploadBroadcastReceiver</string>
  <string>com.taobao.taobao/com.taobao.login4android.receiver.QrScanReceiver</string>
  <string>com.autonavi.minimap/com.yunos.carkitservice.CarKitService</string>
  <string>com.autonavi.minimap/com.taobao.agoo.AgooCommondReceiver</string>
  <string>com.taobao.taobao/com.xiaomi.mipush.sdk.PushMessageHandler</string>
  <string>com.eg.android.AlipayGphone/org.altbeacon.beacon.service.ScanJob</string>
  <string>com.jingdong.app.mall/com.jingdong.app.mall.service.ClipboardService</string>
  <string>info.muge.appshare/com.taobao.accs.ServiceReceiver</string>
  <string>com.taobao.taobao/com.taobao.family.FamilyAccsService</string>
  <string>com.taobao.taobao/androidx.work.impl.background.systemjob.SystemJobService</string>
  <string>info.muge.appshare/com.qq.e.ads.ADActivity</string>
  <string>com.autonavi.minimap/androidx.work.impl.background.systemalarm.ConstraintProxyUpdateReceiver</string>
  <string>com.taobao.taobao/com.tmall.wireless.brandweexcomponent.taobao.plugin.fullscreen.TMBwcFullScreenService</string>
  <string>com.taobao.taobao/com.taobao.tao.alipay.callservice.CallServiceJsbridgeServiceImpl</string>
  <string>com.taobao.taobao/com.alibaba.ariver.ipc.RemoteCallService</string>
  <string>com.autonavi.minimap/com.alibaba.ariver.commonability.device.jsapi.nfc.service.TinyAppHostApduService</string>
  <string>com.tencent.mm/com.tencent.mm.plugin.auto.service.MMAutoMessageHeardReceiver</string>
  <string>info.muge.appshare/com.alipay.sdk.app.PayResultActivity</string>
  <string>info.muge.appshare/org.android.agoo.accs.AgooService</string>
  <string>com.taobao.taobao/com.taobao.favorites.NewFavoriteGoodsActivity$GoodsRefreshReceiver</string>
  <string>com.taobao.taobao/com.taobao.android.service.AidlBridgeService</string>
  <string>com.tencent.mobileqq/com.tencent.mobileqq.app.DataMigrationService</string>
  <string>com.taobao.taobao/com.meizu.cloud.pushsdk.MzPushSystemReceiver</string>
  <string>com.tencent.mobileqq/com.tencent.mobileqq.app.CoreService$KernelService</string>
  <string>com.taobao.taobao/com.taobao.passivelocation.report.service.LocationReportService</string>
  <string>com.autonavi.minimap/com.alipay.mobile.aompdevice.nfc.service.TinyAppHostApduService</string>
  <string>com.tencent.mobileqq/com.qzone.preview.service.PictureService</string>
  <string>com.taobao.taobao/com.taobao.tbpoplayer.trigger.DAIPopReceiver</string>
  <string>com.eg.android.AlipayGphone/com.alipay.android.msp.core.component.CertPayReceiver</string>
  <string>info.muge.appshare/com.taobao.accs.data.MsgDistributeService</string>
  <string>com.tencent.mm/com.tencent.mm.plugin.auto.service.MMAutoMessageReplyReceiver</string>
  <string>com.eg.android.AlipayGphone/com.alipay.mobile.common.logging.process.LogServiceInToolsProcess</string>
  <string>com.taobao.taobao/androidx.work.impl.background.systemalarm.ConstraintProxy$NetworkStateProxy</string>
  <string>com.tencent.mobileqq/com.tencent.mfsdk.reporter.ROReceiver</string>
  <string>com.eg.android.AlipayGphone/com.alipay.android.msp.framework.offline.CashierOperationReceiver</string>
  <string>com.eg.android.AlipayGphone/com.alipay.mobile.clean.PowerSaveService</string>
  <string>com.taobao.taobao/com.heytap.msp.push.service.CompatibleDataMessageCallbackService</string>
  <string>com.taobao.taobao/com.taobao.message.ui.biz.redpackage.service.MessageWeexService</string>
  <string>com.taobao.taobao/com.alibaba.android.bindingx.plugin.weex.WXBindingXModuleService</string>
  <string>com.jingdong.app.mall/com.jingdong.app.mall.broadcastReceiver.NetworkBroadcast</string>
  <string>info.muge.appshare/com.alipay.sdk.app.AlipayResultActivity</string>
  <string>com.taobao.taobao/com.taobao.adaemon.TriggerService</string>
  <string>com.taobao.taobao/androidx.work.impl.background.systemalarm.ConstraintProxy$StorageNotLowProxy</string>
  <string>com.taobao.taobao/com.taobao.browser.ipc.RemoteWVACCSService</string>
  <string>com.tencent.mobileqq/com.tencent.ilinkservice.IlinkService</string>
  <string>info.muge.appshare/com.taobao.accs.ChannelService</string>
  <string>com.taobao.taobao/com.taobao.message.biz.dai.MsgDAIReceiver</string>
  <string>com.tencent.mobileqq/cooperation.qlink.QlinkPluginProxyService</string>
  <string>com.autonavi.minimap/com.alipay.mobile.nebulacore.ui.H5FileChooserActivity</string>
  <string>com.tencent.mobileqq/com.tencent.aelight.camera.aebase.PeakService</string>
  <string>com.tencent.mobileqq/cooperation.ilive.IlivePluginService</string>
  <string>info.muge.appshare/com.alipay.sdk.app.APayEntranceActivity</string>
  <string>com.tencent.mobileqq/com.tencent.mobileqq.ar.ArConfigService</string>
  <string>com.tencent.mobileqq/com.tencent.mobileqq.colornote.smallscreen.ColorNoteSmallScreenService</string>
  <string>info.muge.appshare/androidx.work.impl.background.systemalarm.ConstraintProxy$BatteryNotLowProxy</string>
  <string>com.taobao.taobao/com.taobao.android.zlz.service.DynamicJsbridgeService</string>
  <string>com.taobao.taobao/com.taobao.relationship.weex.FollowWeexSerivice</string>
  <string>com.autonavi.minimap/com.alipay.sdk.app.H5OpenAuthActivity</string>
  <string>com.eg.android.AlipayGphone/com.alipay.mobile.beehive.audio.service.MusicService</string>
  <string>com.eg.android.AlipayGphone/com.alipay.pushsdk.thirdparty.oppo.OPPOPushService</string>
  <string>com.taobao.taobao/com.taobao.android.jarviswe.receiver.BehaviXIPVReceiver</string>
  <string>com.eg.android.AlipayGphone/com.alipay.mobile.rome.voicebroadcast.berserker.LiteService1</string>
  <string>com.eg.android.AlipayGphone/com.alipay.mobile.rome.voicebroadcast.berserker.LiteService2</string>
  <string>com.tencent.mobileqq/com.huawei.hms.support.api.push.service.HmsMsgService</string>
  <string>com.eg.android.AlipayGphone/com.alipay.mobile.accountauthbiz.outer.AlipayAutoLoginService</string>
  <string>com.tencent.mm/com.tencent.mm.booter.MMReceivers$AlarmReceiver</string>
  <string>com.jingdong.app.mall/com.jingdong.app.mall.update.PausableDownloadService</string>
  <string>com.taobao.taobao/mtopsdk.xstate.XStateService</string>
  <string>com.taobao.taobao/com.taobao.wireless.link.common.LinkCommonHomeReceiver</string>
  <string>com.taobao.taobao/com.taobao.adaemon.DaemonJobService</string>
  <string>com.taobao.taobao/com.taobao.fashionai.pop.weex.FaiWeexModuleService</string>
  <string>info.muge.appshare/androidx.work.impl.diagnostics.DiagnosticsReceiver</string>
  <string>com.eg.android.AlipayGphone/com.alipay.android.tablauncher.HuaWeiQuickActionService</string>
  <string>com.eg.android.AlipayGphone/com.alipay.mobile.quinox.preload.ExcaliburService</string>
  <string>com.autonavi.minimap/com.autonavi.minimap.alc.service.ALCManagerService</string>
  <string>info.muge.appshare/com.ss.android.downloadlib.core.download.DownloadReceiver</string>
  <string>com.taobao.taobao/androidx.work.impl.background.systemalarm.ConstraintProxy$BatteryChargingProxy</string>
  <string>com.tencent.mm/com.tencent.mm.plugin.downloader.ui.FileDownloadNotificationClickReceiver</string>
  <string>com.tencent.mobileqq/com.tencent.mobileqq.uniformdownload.core.UniformDownloadNfnReceiver</string>
  <string>com.tencent.mobileqq/com.tencent.mobileqq.qqlive.room.float.FloatViewMonitorService</string>
  <string>com.taobao.taobao/com.xiaomi.push.service.receivers.PingReceiver</string>
  <string>com.tencent.mm/com.google.android.gms.measurement.AppMeasurementReceiver</string>
  <string>com.tencent.mobileqq/cooperation.qzone.GdtPreLoadOfflinePackageService</string>
  <string>com.eg.android.AlipayGphone/com.alipay.mobile.notification.NotificationAlarmReceiver</string>
  <string>com.miui.player/com.qq.e.comm.DownloadService</string>
  <string>com.eg.android.AlipayGphone/com.alipay.berserker.service.PreloadService</string>
  <string>com.autonavi.minimap/androidx.work.impl.diagnostics.DiagnosticsReceiver</string>
  <string>com.taobao.taobao/com.alibaba.triver.TRACCSService</string>
  <string>com.eg.android.AlipayGphone/com.alipay.mobile.notification.ClickPushReceiver</string>
  <string>com.taobao.taobao/com.google.android.play.core.assetpacks.AssetPackExtractionService</string>
  <string>info.muge.appshare/com.bytedance.mapplog.collector.Collector</string>
  <string>com.jingdong.app.mall/com.tencent.smtt.export.external.DexClassLoaderProviderService</string>
  <string>com.eg.android.AlipayGphone/com.alipay.mobile.common.job.JobTriggerReceiver</string>
  <string>info.muge.appshare/com.alipay.sdk.app.H5OpenAuthActivity</string>
  <string>com.tencent.mm/com.tencent.mm.cache.ArtistCacheManager</string>
  <string>com.autonavi.minimap/com.taobao.accs.EventReceiver</string>
  <string>com.eg.android.AlipayGphone/com.alipay.mobile.dtxservice.DTXServiceManagerProxyServer</string>
  <string>com.tencent.mobileqq/cooperation.qqindividuality.ipc.QQIndividualityPluginProxyService</string>
  <string>com.tencent.mobileqq/cooperation.troop.NearbyVideoProxyBroadcastReceiver</string>
  <string>com.autonavi.minimap/com.alipay.android.phone.mobilesdk.permission.utils.FakeService</string>
  <string>com.coolapk.market/com.coolapk.market.service.TestService</string>
  <string>com.taobao.taobao/com.taobao.message.precompile.TBExportCService</string>
  <string>info.muge.appshare/com.xiaomi.mipush.sdk.MessageHandleService</string>
  <string>com.sohu.inputmethod.sogou.xiaomi/com.sohu.inputmethod.flx.quicktype.QuickAccessibilityService</string>
  <string>com.taobao.taobao/com.taobao.appbundle.fake.FakeService</string>
  <string>com.autonavi.minimap/com.alipay.sdk.app.APayEntranceActivity</string>
  <string>com.jingdong.app.mall/com.xiaomi.push.service.XMJobService</string>
  <string>info.muge.appshare/com.qq.e.ads.DialogActivity</string>
  <string>com.taobao.taobao/com.alibaba.android.nextrpc.request.internal.accs.AccsReceiveService</string>
  <string>com.eg.android.AlipayGphone/com.xiaomi.push.service.XMJobService</string>
  <string>com.eg.android.AlipayGphone/com.alipay.mobile.clean.ProcessResetReceiver</string>
  <string>com.taobao.taobao/com.alibaba.emas.datalab.controller.DaiUpdateReceiver</string>
  <string>com.taobao.taobao/com.taobao.activelocation.report.service.ActiveReportService</string>
  <string>com.tencent.mobileqq/com.tencent.pluginloader.proxy.DownloadProxyService</string>
  <string>com.taobao.taobao/com.taobao.accs.ServiceReceiver</string>
  <string>com.taobao.taobao/com.taobao.android.detail.service.WXPanoramaService</string>
  <string>com.autonavi.minimap/com.autonavi.minimap.route.bus.realtimebus.desktopwidget.RealTimeBusWidgetProvider</string>
  <string>com.sohu.inputmethod.sogou.xiaomi/com.sohu.inputmethod.crossplatform.internet.MessageService</string>
  <string>com.tencent.mobileqq/cooperation.groupvideo.GVideoSmallScreenProxyService</string>
  <string>com.autonavi.minimap/com.amap.bundle.appupgrade.InstallListener</string>
  <string>com.taobao.taobao/com.taobao.wireless.link.assistant.display.AssistantCheckService</string>
  <string>info.muge.appshare/com.taobao.accs.internal.AccsJobService</string>
  <string>com.taobao.taobao/com.etao.feimagesearch.video.SMJsBridgeService</string>
  <string>com.eg.android.AlipayGphone/com.alipay.mobile.common.logging.process.LinkTransactionService</string>
  <string>com.taobao.taobao/com.taobao.agoo.TaobaoMessageIntentReceiverService</string>
  <string>com.taobao.taobao/com.taobao.passivelocation.gathering.service.LocationGatheringService</string>
  <string>com.eg.android.AlipayGphone/com.alipay.mobile.nebulacore.SandboxedPrivilegedProcessService0</string>
  <string>com.jingdong.app.mall/com.huawei.hms.support.api.push.service.HmsMsgService</string>
  <string>com.eg.android.AlipayGphone/com.meizu.cloud.pushsdk.SystemReceiver</string>
  <string>com.taobao.taobao/com.taobao.android.uc.service.SandboxedPrivilegedProcessService0</string>
  <string>com.tencent.mobileqq/com.tencent.tmdownloader.internal.remote.RemoteOpService</string>
  <string>com.eg.android.AlipayGphone/com.alipay.pushsdk.push.PushIntelligentMessageReceiver</string>
  <string>com.eg.android.AlipayGphone/com.alipay.dexaop.power.RuntimePowerService</string>
  <string>com.sohu.inputmethod.sogou.xiaomi/com.sogou.inputmethod.oem.xiaomi.miadvertise.MiAdNetWorkReceiver</string>
  <string>com.taobao.taobao/com.taobao.message.init.accs.AccsReceiverCallback</string>
  <string>com.tencent.mobileqq/com.tencent.mobileqq.bgprobe.BackgroundService</string>
  <string>com.autonavi.minimap/androidx.work.impl.background.systemjob.SystemJobService</string>
  <string>com.tencent.mobileqq/cooperation.qwallet.plugin.QWalletToolService</string>
  <string>info.muge.appshare/com.xiaomi.push.service.XMJobService</string>
  <string>com.taobao.taobao/com.taobao.accs.internal.AccsJobService</string>
  <string>com.autonavi.minimap/com.alipay.sdk.app.PayResultActivity</string>
  <string>com.eg.android.AlipayGphone/com.alipay.mobile.rome.pushservice.direct.PushDirectMainProcessService</string>
  <string>com.autonavi.minimap/com.amap.api.service.BootEventReceiver</string>
  <string>com.taobao.taobao/com.taobao.wireless.link.pop.PopMessageReceiver</string>
  <string>com.eg.android.AlipayGphone/com.alipay.mobile.common.amnet.service.AmnetMainProcService</string>
  <string>com.autonavi.minimap/com.vivo.push.sdk.service.CommandClientService</string>
  <string>com.tencent.mobileqq/com.tencent.qqmini.sdk.receiver.AppBrandMainReceiver2</string>
  <string>com.tencent.mobileqq/com.tencent.qqmini.sdk.receiver.AppBrandMainReceiver1</string>
  <string>com.tencent.mobileqq/com.tencent.qqmini.sdk.receiver.AppBrandMainReceiver3</string>
  <string>com.autonavi.minimap/com.alipay.mobile.common.logging.process.LogServiceInPushProcess</string>
  <string>com.autonavi.minimap/com.autonavi.lotuspool.LotuspoolService</string>
  <string>com.tencent.mobileqq/com.tencent.qqmini.sdk.receiver.AppBrandMainReceiver5</string>
  <string>com.jingdong.app.mall/com.jingdong.sdk.jdupgrade.inner.ui.DownloadService</string>
  <string>com.taobao.taobao/com.taobao.interact.upload.service.UploadService</string>
  <string>com.jingdong.app.mall/com.jd.lib.push.broadcastReceiver.PushMessageReceiverImpl</string>
  <string>com.autonavi.minimap/com.alipay.sdk.app.AlipayResultActivity</string>
  <string>com.taobao.taobao/com.taobao.activelocation.service.aidl.TBLocationServiceImpl</string>
  <string>com.tencent.mobileqq/com.tencent.open.downloadnew.common.DownloadReceiverWebProcess</string>
  <string>com.eg.android.AlipayGphone/com.alipay.android.phone.mobilecommon.dynamicrelease.SyncConfigReceiver</string>
  <string>com.autonavi.minimap/com.amap.bundle.screenrecorder.api.ScreenRecorderFGService</string>
  <string>com.eg.android.AlipayGphone/com.alipay.mobile.publicplatform.common.receiver.BroadcastHandlerService</string>
  <string>com.taobao.taobao/com.taobao.process.interaction.service.RemoteCallService</string>
  <string>com.autonavi.minimap/com.alipay.mobile.transfer.aidlservice.FetchLoginInfoService</string>
  <string>com.autonavi.minimap/com.alibaba.ariver.ipc.RemoteCallService</string>
  <string>com.taobao.taobao/com.taobao.orange.accssupport.OrangeAccsService</string>
  <string>com.taobao.taobao/com.uc.webview.export.media.MediaPlayerService</string>
  <string>com.autonavi.minimap/com.heytap.msp.push.service.DataMessageCallbackService</string>
  <string>com.taobao.taobao/com.alipay.sdk.api.JSBridgeService</string>
  <string>com.autonavi.minimap/com.taobao.accs.ServiceReceiver</string>
  <string>com.taobao.taobao/com.alipay.mobile.common.amnet.service.AmnetService$InnerService</string>
  <string>com.autonavi.minimap/com.xiaomi.push.service.receivers.NetworkStatusReceiver</string>
  <string>com.coolapk.market/androidx.room.MultiInstanceInvalidationService</string>
  <string>com.eg.android.AlipayGphone/com.alipay.android.phone.mobilecommon.dynamicrelease.DynamicReleaseProcessService</string>
  <string>com.taobao.taobao/androidx.work.impl.background.systemalarm.ConstraintProxy$BatteryNotLowProxy</string>
  <string>com.tencent.mobileqq/com.tencent.mobileqq.matchfriend.voicechat.VoiceChatService</string>
  <string>com.tencent.mobileqq/com.tencent.mobileqq.pluginsdk.ipc.PluginRemoteService$Sub1</string>
  <string>com.tencent.mobileqq/com.tencent.mobileqq.pluginsdk.ipc.PluginRemoteService$Sub2</string>
  <string>com.eg.android.AlipayGphone/com.alipay.mobile.clean.CleanService</string>
  <string>com.tencent.mobileqq/com.tencent.mobileqq.mini.app.AppBrandTaskPreloadReceiver1</string>
  <string>com.autonavi.minimap/com.alipay.mobile.common.logging.process.LogServiceInMainProcess</string>
  <string>com.tencent.mobileqq/com.tencent.mobileqq.mini.app.AppBrandTaskPreloadReceiver3</string>
  <string>com.tencent.mobileqq/com.tencent.mobileqq.mini.app.AppBrandTaskPreloadReceiver2</string>
  <string>com.taobao.taobao/com.taobao.share.ui.engine.jsbridge.JSRegisterService</string>
  <string>com.jingdong.app.mall/com.huawei.android.hms.agent.common.HMSAgentActivity</string>
  <string>com.coolapk.market/androidx.work.impl.background.systemalarm.SystemAlarmService</string>
  <string>com.taobao.taobao/com.alibaba.analytics.AnalyticsService</string>
  <string>com.tencent.mobileqq/com.tencent.mobileqq.redtouch.RedPointBroadcastReceiver</string>
  <string>com.autonavi.minimap/com.alipay.mobile.liteprocess.LiteProcessService$LiteProcessService1</string>
  <string>com.taobao.taobao/com.tmall.wireless.brandweexcomponent.taobao.plugin.shortcut.TMBwcShortcutService</string>
  <string>com.autonavi.minimap/com.alipay.mobile.liteprocess.LiteProcessService$LiteProcessService3</string>
  <string>com.taobao.taobao/com.taobao.calendar.receiver.CalendarReceiver</string>
  <string>com.autonavi.minimap/com.alipay.mobile.liteprocess.LiteProcessService$LiteProcessService2</string>
  <string>com.autonavi.minimap/com.alipay.mobile.liteprocess.LiteProcessService$LiteProcessService5</string>
  <string>com.taobao.taobao/com.alibaba.security.rp.service.DynamicRPJsbridgeService</string>
  <string>com.autonavi.minimap/com.alipay.mobile.liteprocess.LiteProcessService$LiteProcessService4</string>
  <string>com.taobao.taobao/com.taobao.tao.powermsg.PowerMsgReceiver</string>
  <string>com.tencent.mobileqq/com.tencent.mobileqq.msf.core.NetConnInfoCenter</string>
  <string>com.autonavi.minimap/com.alipay.mobile.nebulacore.ui.H5Activity</string>
  <string>com.jingdong.app.mall/com.jingdong.manto.message.MantoAcrossProcessMain</string>
  <string>com.eg.android.AlipayGphone/com.alipay.pushsdk.push.NotificationService</string>
  <string>com.tencent.mobileqq/androidx.room.MultiInstanceInvalidationService</string>
  <string>com.autonavi.minimap/androidx.work.impl.foreground.SystemForegroundService</string>
  <string>com.jingdong.app.mall/com.jingdong.common.jdreactFramework.modules.uphone_sdk.FloatWindow.service.FloatMonkService</string>
  <string>com.tencent.mobileqq/com.tencent.rmonitor.natmem.NatMemReceiver</string>
  <string>com.taobao.taobao/com.alipay.mobile.verifyidentity.alipay.H5Plugin.DynamicJsbridgeService</string>
  <string>com.taobao.taobao/org.android.agoo.vivo.PushMessageReceiverImpl</string>
  <string>com.taobao.taobao/com.taobao.speech.service.SearchSpeechPluginService</string>
  <string>com.eg.android.AlipayGphone/com.alipay.mobile.rome.pushservice.intelligent.PushIntelligentMsgReceiver</string>
  <string>com.autonavi.minimap/com.alipay.mobile.nebulacore.ui.H5NetworkCheckActivity</string>
  <string>com.taobao.taobao/com.alibaba.triver.ipc.server.IpcMsgServerService</string>
  <string>com.autonavi.minimap/com.autonavi.data.service.AmapService</string>
  <string>com.sohu.inputmethod.sogou.xiaomi/com.sohu.inputmethod.settings.status.CheckSogouIMStatusReceiver</string>
  <string>com.eg.android.AlipayGphone/com.alipay.android.phone.offlinepay.nfc.CardService</string>
  <string>com.taobao.taobao/com.taobao.taolive.weexext.weex.TaoliveUIKitWeexService</string>
  <string>com.eg.android.AlipayGphone/com.alipay.mobile.performance.sync.PerfAuthenticatorService</string>
  <string>com.taobao.taobao/com.taobao.appfrmbundle.mkt.AccsReceiverService</string>
  <string>com.autonavi.minimap/com.taobao.agoo.TaobaoMessageIntentReceiverService</string>
  <string>com.eg.android.AlipayGphone/com.alipay.mobile.framework.service.ChargingJobService</string>
  <string>com.coolapk.market/androidx.work.impl.background.systemalarm.ConstraintProxyUpdateReceiver</string>
  <string>com.eg.android.AlipayGphone/com.alipay.mobile.accountauthbiz.sso.AlipaySsoService</string>
  <string>com.eg.android.AlipayGphone/com.alipay.mobile.quinox.preload.PreloadReceiver</string>
  <string>com.taobao.taobao/com.ali.user.open.receiver.SessionSyncReceiver</string>
  <string>com.eg.android.AlipayGphone/com.alipay.mobile.quinox.preload.MainPldService</string>
  <string>info.muge.appshare/com.qq.e.ads.PortraitADActivity</string>
  <string>com.autonavi.minimap/com.autonavi.bundle.routecommute.desktopwidget.RouteCommuteWidgetProvider</string>
  <string>com.taobao.taobao/com.taobao.calendar.sdk.synchronize.SynService</string>
  <string>info.muge.appshare/androidx.work.impl.utils.ForceStopRunnable$BroadcastReceiver</string>
  <string>com.tencent.mm/com.tencent.mm.plugin.setting.SwitchAccountReceiver</string>
  <string>com.taobao.taobao/org.android.agoo.accs.AgooService</string>
  <string>com.taobao.taobao/com.taobao.passivelocation.service.UserSwitchControlService</string>
  <string>com.eg.android.AlipayGphone/com.alipay.pushsdk.thirdparty.xiaomi.XiaoMiMsgReceiver</string>
  <string>com.taobao.taobao/com.taobao.android.shop.weex.ShopWeexRegisterService</string>
  <string>com.tencent.mobileqq/com.huawei.agconnect.core.ServiceDiscovery</string>
  <string>com.taobao.taobao/com.taobao.fashionai.pop.weex.FaiWeexComponentService</string>
  <string>com.jingdong.app.mall/com.jingdong.app.mall.widget.JdWidget</string>
  <string>com.taobao.taobao/com.taobao.wangxin.app.WxBundleLaunchReceiver</string>
  <string>com.eg.android.AlipayGphone/com.alipay.mobile.quinox.preload.PreloadService</string>
  <string>com.eg.android.AlipayGphone/com.alipay.pushsdk.thirdparty.vivo.VivoPushReceiver</string>
</set>