<?xml version='1.0' encoding='UTF-8' standalone='yes' ?>
<set>
  <string>{"flags":1,"ownerPackageName":"android","ownerUserId":0,"tag":"*job*/com.baidu.searchbox.pushsyncadapter.dataSync/com.baidu.searchbox.push.datasync/百度同步:android"}</string>
  <string>{"flags":1,"ownerPackageName":"android","ownerUserId":0,"tag":"*job*/com.android.mms/com.miui.smsextra.service.TeddyMediaJobScheduler"}</string>
  <string>{"flags":1,"ownerPackageName":"android","ownerUserId":0,"tag":"*job*/miui.autofill/com.xiaomi/2423179808:android"}</string>
  <string>{"flags":1,"ownerPackageName":"android","ownerUserId":0,"tag":"*vibrator*"}</string>
  <string>{"flags":1,"ownerPackageName":"android","ownerUserId":0,"tag":"*job*/com.miui.cloudservice/.sync.IntelligentSyncService"}</string>
  <string>{"flags":1,"ownerPackageName":"android","ownerUserId":0,"tag":"*job*/com.chaoxing.mobile/com.umeng.message.UmengMessageCallbackHandlerService"}</string>
  <string>{"flags":1,"ownerPackageName":"com.google.android.gms","ownerUserId":0,"tag":"*gms_scheduler*/com.google.android.gms/.semanticlocationhistory.deidentifieddata.historicalbusyness.HistoricalBusynessProcessingService"}</string>
  <string>{"flags":1,"ownerPackageName":"com.midea.vm.washer","ownerUserId":0,"tag":"MqttService.client.ujing_android_804a05ab5bac7f34"}</string>
  <string>{"flags":1,"ownerPackageName":"com.baidu.searchbox","ownerUserId":0,"tag":"DownloadManager"}</string>
  <string>{"flags":1,"ownerPackageName":"com.google.android.gms","ownerUserId":0,"tag":"GOOGLE_C2DM"}</string>
  <string>{"flags":1,"ownerPackageName":"com.google.android.gms","ownerUserId":0,"tag":"*gms_scheduler*/com.google.android.gms/.gmscompliance.sync.BackgroundSyncGmsTaskService"}</string>
  <string>{"flags":1,"ownerPackageName":"android","ownerUserId":0,"tag":"*job*/com.android.vending/com.google.android.finsky.instantapps.statussync.EnabledStatusSyncService"}</string>
  <string>{"flags":1,"ownerPackageName":"com.miui.aod","ownerUserId":0,"tag":"DozePauser"}</string>
  <string>{"flags":1,"ownerPackageName":"com.xiaomi.market","ownerUserId":0,"tag":"com.xiaomi.market.data.WakeLockManager/DownloadComplete_com.miui.gallery"}</string>
  <string>{"flags":1,"ownerPackageName":"com.dv.adm.pay","ownerUserId":0,"tag":"com.dv.adm.pay147"}</string>
  <string>{"flags":1,"ownerPackageName":"com.dv.adm.pay","ownerUserId":0,"tag":"com.dv.adm.pay124"}</string>
  <string>{"flags":1,"ownerPackageName":"com.samsung.android.scan3d","ownerUserId":0,"tag":"ProcessingService:ImageShadowTask-ShotId-1"}</string>
  <string>{"flags":1,"ownerPackageName":"android","ownerUserId":0,"tag":"*job*/com.miui.cloudservice/.stat.StatService"}</string>
  <string>{"flags":1,"ownerPackageName":"com.google.android.gms","ownerUserId":0,"tag":"IntentOp:.chimera.container.zapp.WaitDownloadCompleteOperation"}</string>
  <string>{"flags":1,"ownerPackageName":"android","ownerUserId":0,"tag":"*job*/android/com.android.server.PruneInstantAppsJobService"}</string>
  <string>{"flags":1,"ownerPackageName":"com.android.mms","ownerUserId":0,"tag":"Mms:StartingAlertService"}</string>
  <string>{"flags":1,"ownerPackageName":"android","ownerUserId":0,"tag":"*sync*/notes/com.xiaomi/2423179808"}</string>
  <string>{"flags":1,"ownerPackageName":"com.google.android.gms","ownerUserId":0,"tag":"IntentOp:.auth.frp.FrpUpdateIntentOperation"}</string>
  <string>{"flags":1,"ownerPackageName":"android","ownerUserId":0,"tag":"*job*/com.miui.guardprovider/.manager.CacheBuildJobService"}</string>
  <string>{"flags":1,"ownerPackageName":"android","ownerUserId":0,"tag":"*job*/com.lemurbrowser.exts/com.google.android.gms.measurement.AppMeasurementJobService"}</string>
  <string>{"flags":6,"ownerPackageName":"com.miui.voiceassist","ownerUserId":0,"tag":"ScreenWakeLockManager"}</string>
  <string>{"flags":1,"ownerPackageName":"android","ownerUserId":0,"tag":"*sync*/miui.phrase/com.xiaomi/2423179808"}</string>
  <string>{"flags":1,"ownerPackageName":"android","ownerUserId":0,"tag":"*job*/com.android.calendar/com.miui.calendar.job.StatDailyJobService"}</string>
  <string>{"flags":1,"ownerPackageName":"android","ownerUserId":0,"tag":"GnssNetworkConnectivityHandler"}</string>
  <string>{"flags":1,"ownerPackageName":"android","ownerUserId":0,"tag":"*sync*/com.google.android.gms.subscribedfeeds/com.google/s759803588@gmail.com"}</string>
  <string>{"flags":1,"ownerPackageName":"com.xiaomi.market","ownerUserId":0,"tag":"com.xiaomi.market.data.WakeLockManager/com.kugou.android.lite"}</string>
  <string>{"flags":1,"ownerPackageName":"android","ownerUserId":0,"tag":"*job*/com.android.providers.media.module/com.android.providers.media.MediaService"}</string>
  <string>{"flags":1,"ownerPackageName":"android","ownerUserId":0,"tag":"*job*/android/com.android.server.display.BrightnessIdleJob"}</string>
  <string>{"flags":1,"ownerPackageName":"com.google.android.gms","ownerUserId":0,"tag":"*gms_scheduler*/com.google.android.gms/.icing.service.IcingGcmTaskService"}</string>
  <string>{"flags":1,"ownerPackageName":"android","ownerUserId":0,"tag":"*job*/com.azure.authenticator/com.microsoft.onlineid.internal.sso.client.BackupService"}</string>
  <string>{"flags":1,"ownerPackageName":"org.telegram.messenger","ownerUserId":0,"tag":"telegram:notification_delay_lock"}</string>
  <string>{"flags":1,"ownerPackageName":"android","ownerUserId":0,"tag":"*job*/com.paypal.android.p2pmobile/com.google.android.datatransport.runtime.scheduling.jobscheduling.JobInfoSchedulerService"}</string>
  <string>{"flags":536870922,"ownerPackageName":"android","ownerUserId":0,"tag":"WindowManager"}</string>
  <string>{"flags":1,"ownerPackageName":"com.google.android.gms","ownerUserId":0,"tag":"*gms_scheduler*/com.google.android.gms/.backup.g1.notifications.SettingsCollectionSchedulerChimeraService"}</string>
  <string>{"flags":1,"ownerPackageName":"android","ownerUserId":0,"tag":"*job*/sms/com.xiaomi/2423179808:android"}</string>
  <string>{"flags":1,"ownerPackageName":"com.dv.adm.pay","ownerUserId":0,"tag":"com.dv.adm.pay136"}</string>
  <string>{"flags":128,"ownerPackageName":"android","ownerUserId":0,"tag":"Window:RoundCornerTop"}</string>
  <string>{"flags":1,"ownerPackageName":"android","ownerUserId":0,"tag":"time_detector"}</string>
  <string>{"flags":1,"ownerPackageName":"com.google.android.gms","ownerUserId":0,"tag":"IntentOp:.findmydevice.spot.locationreporting.LocationManagerModeChangeListenerIntentOperation"}</string>
  <string>{"flags":1,"ownerPackageName":"com.google.android.gms","ownerUserId":0,"tag":"wake:com.google.android.gms/.auth.account.be.accountstate.LoginAccountsChangedIntentService - 573"}</string>
  <string>{"flags":1,"ownerPackageName":"android","ownerUserId":0,"tag":"deviceidle_going_idle"}</string>
  <string>{"flags":1,"ownerPackageName":"com.google.android.gms","ownerUserId":0,"tag":"*gms_scheduler*/com.google.android.gms/.mdisync.service.MdiSyncBackgroundTaskService"}</string>
  <string>{"flags":1,"ownerPackageName":"android","ownerUserId":0,"tag":"*job*/com.miui.weather2/.service.job.ScheduleCheckService"}</string>
  <string>{"flags":1,"ownerPackageName":"android","ownerUserId":0,"tag":"*job*/android/com.android.server.people.data.DataMaintenanceService"}</string>
  <string>{"flags":1,"ownerPackageName":"com.google.android.gms","ownerUserId":0,"tag":"wake:CollectionChimeraSvc"}</string>
  <string>{"flags":1,"ownerPackageName":"com.google.android.gms","ownerUserId":0,"tag":"*gms_scheduler*/com.google.android.gms/.gcm.HeartbeatAlarm$ConnectionInfoPersistService"}</string>
  <string>{"flags":1,"ownerPackageName":"com.google.android.gms","ownerUserId":0,"tag":"*gms_scheduler*/com.google.android.gms/.people.service.wipeout.PeopleAndroidUriWipeoutTask"}</string>
  <string>{"flags":1,"ownerPackageName":"android","ownerUserId":0,"tag":"*job*/com.xiaomi.joyose/.JoyoseJobScheduleService"}</string>
  <string>{"flags":1,"ownerPackageName":"com.dv.adm.pay","ownerUserId":0,"tag":"com.dv.adm.pay123"}</string>
  <string>{"flags":1,"ownerPackageName":"audioserver","ownerUserId":0,"tag":"AudioDup"}</string>
  <string>{"flags":1,"ownerPackageName":"com.dv.adm.pay","ownerUserId":0,"tag":"com.dv.adm.pay146"}</string>
  <string>{"flags":1,"ownerPackageName":"com.google.android.gms","ownerUserId":0,"tag":"*gms_scheduler*/com.google.android.gms/.common.systemhealthutils.restart.GmsRestartPersistentService"}</string>
  <string>{"flags":1,"ownerPackageName":"com.xiaomi.finddevice","ownerUserId":0,"tag":"QueueTaskInner[PersistentAppTaskManager[ReportDeviceStateTaskTaskManager]:PersistentAppTaskInner[com.xiaomi.finddevice.v2.update.ReportDeviceStateTask$ReportDeviceStateSubTask]]"}</string>
  <string>{"flags":1,"ownerPackageName":"com.samsung.android.scan3d","ownerUserId":0,"tag":"ProcessingService:ImageShadowTask-ShotId-0"}</string>
  <string>{"flags":1,"ownerPackageName":"android","ownerUserId":0,"tag":"*sync*/com.google.android.gms.fitness/com.google/s759803588@gmail.com"}</string>
  <string>{"flags":1,"ownerPackageName":"com.google.android.gms","ownerUserId":0,"tag":"*gms_scheduler*/com.google.android.gms/.threadnetwork.service.firstparty.BorderRouterSyncBoundService"}</string>
  <string>{"flags":1,"ownerPackageName":"com.google.android.gms","ownerUserId":0,"tag":"*gms_scheduler*/com.google.android.gms/.mdm.LogFmdEnabledBoundService"}</string>
  <string>{"flags":1,"ownerPackageName":"audioserver","ownerUserId":0,"tag":"AudioIn"}</string>
  <string>{"flags":1,"ownerPackageName":"com.xiaomi.market","ownerUserId":0,"tag":"com.xiaomi.market.data.WakeLockManager/com.baidu.netdisk"}</string>
  <string>{"flags":1,"ownerPackageName":"android","ownerUserId":0,"tag":"*job*/com.paypal.android.p2pmobile/androidx.work.impl.background.systemjob.SystemJobService"}</string>
  <string>{"flags":1,"ownerPackageName":"android","ownerUserId":0,"tag":"*job*/com.lemurbrowser.exts/org.chromium.components.background_task_scheduler.internal.BackgroundTaskJobService"}</string>
  <string>{"flags":1,"ownerPackageName":"com.google.android.gms","ownerUserId":0,"tag":"*gms_scheduler*/com.google.android.gms/.checkin.EventLogService"}</string>
  <string>{"flags":1,"ownerPackageName":"com.google.android.gms","ownerUserId":0,"tag":"UlrDispSvcFastWL"}</string>
  <string>{"flags":1,"ownerPackageName":"vendor.qti.iwlan","ownerUserId":0,"tag":"IWLAN_PROXY_WL"}</string>
  <string>{"flags":1,"ownerPackageName":"android","ownerUserId":0,"tag":"*sync*/com.google.android.gms.reminders/com.google/s759803588@gmail.com"}</string>
  <string>{"flags":1,"ownerPackageName":"android","ownerUserId":0,"tag":"*job*/com.baidu.searchbox/com.baidu.netdisk.service.NetdiskJobService"}</string>
  <string>{"flags":1,"ownerPackageName":"android","ownerUserId":0,"tag":"*sync*/com.android.contacts/com.xiaomi/2423179808"}</string>
  <string>{"flags":1,"ownerPackageName":"com.xiaomi.vipaccount","ownerUserId":0,"tag":"milink"}</string>
  <string>{"flags":1,"ownerPackageName":"android","ownerUserId":0,"tag":"*job*/com.miui.securitycenter/.service.ConnectivityChangeJobService2"}</string>
  <string>{"flags":1,"ownerPackageName":"com.dv.adm.pay","ownerUserId":0,"tag":"com.dv.adm.pay135"}</string>
  <string>{"flags":128,"ownerPackageName":"android","ownerUserId":0,"tag":"Window:com.xiaomi.aiasst.vision"}</string>
  <string>{"flags":1,"ownerPackageName":"android","ownerUserId":0,"tag":"*sync*/com.miui.gallery.cloud.provider/com.xiaomi/2423179808"}</string>
  <string>{"flags":1,"ownerPackageName":"android","ownerUserId":0,"tag":"*job*/com.mi.health/com.xiaomi.fitness.keep_alive.KeepAliveJobSchedulerService"}</string>
  <string>{"flags":1,"ownerPackageName":"android","ownerUserId":0,"tag":"WifiSuspend"}</string>
  <string>{"flags":1,"ownerPackageName":"android","ownerUserId":0,"tag":"*job*/com.android.email.provider/com.android.email/759803588@qq.com:android"}</string>
  <string>{"flags":1,"ownerPackageName":"android","ownerUserId":0,"tag":"*dexopt*"}</string>
  <string>{"flags":1,"ownerPackageName":"com.lemurbrowser.exts","ownerUserId":0,"tag":"fiid-sync"}</string>
  <string>{"flags":1,"ownerPackageName":"android","ownerUserId":0,"tag":"*job*/subscribedfeeds/com.google/s759803588@gmail.com:android"}</string>
  <string>{"flags":1,"ownerPackageName":"android","ownerUserId":0,"tag":"ActivityManager-Sleep"}</string>
  <string>{"flags":1,"ownerPackageName":"android","ownerUserId":0,"tag":"*job*/android/com.android.server.pm.DynamicCodeLoggingService"}</string>
  <string>{"flags":1,"ownerPackageName":"android","ownerUserId":0,"tag":"*job*/android/com.android.server.net.watchlist.ReportWatchlistJobService"}</string>
  <string>{"flags":1,"ownerPackageName":"com.google.android.gms","ownerUserId":0,"tag":"IntentOp:.reminders.notification.RefreshNotificationsIntentOperation"}</string>
  <string>{"flags":1,"ownerPackageName":"com.google.android.gms","ownerUserId":0,"tag":"IntentOp:.udc.intentoperation.UdcSystemAccountsChangedIntentOperation"}</string>
  <string>{"flags":1,"ownerPackageName":"com.xiaomi.market","ownerUserId":0,"tag":"com.xiaomi.market.data.WakeLockManager/CheckUpdateService"}</string>
  <string>{"flags":1,"ownerPackageName":"com.xiaomi.market","ownerUserId":0,"tag":"com.xiaomi.market.data.WakeLockManager/DownloadComplete_com.midea.vm.washer"}</string>
  <string>{"flags":1,"ownerPackageName":"com.miui.aod","ownerUserId":0,"tag":"tap_anim_tag:"}</string>
  <string>{"flags":1,"ownerPackageName":"com.microsoft.bing","ownerUserId":0,"tag":"fiid-sync"}</string>
  <string>{"flags":1,"ownerPackageName":"android","ownerUserId":0,"tag":"*job*/com.android.phone/.FiveGCloudSyncJobService"}</string>
  <string>{"flags":1,"ownerPackageName":"com.tencent.mm","ownerUserId":0,"tag":"VFS:Maintenance"}</string>
  <string>{"flags":1,"ownerPackageName":"com.dv.adm.pay","ownerUserId":0,"tag":"com.dv.adm.pay122"}</string>
  <string>{"flags":1,"ownerPackageName":"com.google.android.gms","ownerUserId":0,"tag":"IntentOp:.update.execution.InstallationIntentOperation"}</string>
  <string>{"flags":1,"ownerPackageName":"android","ownerUserId":0,"tag":"*job*/com.miui.packageinstaller/com.android.packageinstaller.job.AppSecuritySyncJobService"}</string>
  <string>{"flags":1,"ownerPackageName":"android","ownerUserId":0,"tag":"*job*/com.miui.daemon/.performance.statistics.services.GraphicDumpService"}</string>
  <string>{"flags":1,"ownerPackageName":"com.google.android.gms","ownerUserId":0,"tag":"*gms_scheduler*/com.google.android.gms/.icing.mdh.service.MobileDataHubGcmTaskService"}</string>
  <string>{"flags":1,"ownerPackageName":"android","ownerUserId":0,"tag":"*job*/info.muge.appshare/com.umeng.message.component.UmengMessageHandlerService"}</string>
  <string>{"flags":1,"ownerPackageName":"android","ownerUserId":0,"tag":"*job*/com.android.bluetooth.ble.app.headsetdata.provider/com.xiaomi/2423179808:android"}</string>
  <string>{"flags":1,"ownerPackageName":"com.xiaomi.market","ownerUserId":0,"tag":"com.xiaomi.market.data.WakeLockManager/DownloadComplete_com.yumc.phsuperapp"}</string>
  <string>{"flags":1,"ownerPackageName":"com.xiaomi.finddevice","ownerUserId":0,"tag":"QueueTaskInner[PersistentAppTaskManager[CheckTaskTaskManager]:PersistentAppTaskInner[com.xiaomi.finddevice.v2.check.CheckTask$CheckTrackSubTask]]"}</string>
  <string>{"flags":1,"ownerPackageName":"com.samsung.android.scan3d","ownerUserId":0,"tag":"ProcessingService:ImageShadowTask-ShotId-3"}</string>
  <string>{"flags":1,"ownerPackageName":"com.xiaomi.finddevice","ownerUserId":0,"tag":"QueueTaskInner[PersistentAppTaskManager[PeriodicUpdateTaskTaskManager]:PersistentAppTaskInner[com.xiaomi.finddevice.v2.update.PeriodicUpdateTask$StatusUpdateSubTask]]"}</string>
  <string>{"flags":1,"ownerPackageName":"com.google.android.gms","ownerUserId":0,"tag":"IntentOp:.common.appdoctor.AppDoctorConfigChangedIntentOperation"}</string>
  <string>{"flags":128,"ownerPackageName":"android","ownerUserId":0,"tag":"Window:AOD"}</string>
  <string>{"flags":1,"ownerPackageName":"com.google.android.gms","ownerUserId":0,"tag":"IntentOp:.common.broadcast.BackgroundBroadcastReceiverSupport$PersistentReceiverIntentOperation"}</string>
  <string>{"flags":1,"ownerPackageName":"com.google.android.gms","ownerUserId":0,"tag":"IntentOp:com.google.android.gms/.chimera.GmsIntentOperationService"}</string>
  <string>{"flags":1,"ownerPackageName":"android","ownerUserId":0,"tag":"*job*/com.miui.greenguard/androidx.work.impl.background.systemjob.SystemJobService"}</string>
  <string>{"flags":1,"ownerPackageName":"com.google.android.gms","ownerUserId":0,"tag":"GCM_READ"}</string>
  <string>{"flags":1,"ownerPackageName":"android","ownerUserId":0,"tag":"*job*/com.android.deskclock/.addition.monitor.MonitorJobScheduler"}</string>
  <string>{"flags":1,"ownerPackageName":"com.android.deskclock","ownerUserId":0,"tag":"DC:AlarmClock"}</string>
  <string>{"flags":1,"ownerPackageName":"com.android.systemui","ownerUserId":0,"tag":"Scrims"}</string>
  <string>{"flags":1,"ownerPackageName":"com.xiaomi.market","ownerUserId":0,"tag":"com.xiaomi.market.data.WakeLockManager/com.guangyiedu.jiudou"}</string>
  <string>{"flags":1,"ownerPackageName":"android","ownerUserId":0,"tag":"*job*/com.android.calendar/com.xiaomi/2423179808:android"}</string>
  <string>{"flags":1,"ownerPackageName":"com.google.android.gms","ownerUserId":0,"tag":"*gms_scheduler*/com.google.android.gms/.semanticlocationhistory.settings.LocationHistoryActiveProcessingService"}</string>
  <string>{"flags":1,"ownerPackageName":"android","ownerUserId":0,"tag":"*job*/com.xiaomi.market/.business_core.update.auto.AutoUpdateScheduler"}</string>
  <string>{"flags":1,"ownerPackageName":"com.google.android.gms","ownerUserId":0,"tag":"*gms_scheduler*/com.google.android.gms/com.google.android.contextmanager.service.ContextManagerLogsUploadBoundService"}</string>
  <string>{"flags":1,"ownerPackageName":"com.google.android.gms","ownerUserId":0,"tag":"IntentOp:.lockbox.LockboxAccountsChangedChimeraReceiver"}</string>
  <string>{"flags":1,"ownerPackageName":"android","ownerUserId":0,"tag":"NtpTimeHelper"}</string>
  <string>{"flags":32,"ownerPackageName":"com.android.incallui","ownerUserId":0,"tag":"ProximitySensor"}</string>
  <string>{"flags":1,"ownerPackageName":"com.dv.adm.pay","ownerUserId":0,"tag":"com.dv.adm.pay134"}</string>
  <string>{"flags":1,"ownerPackageName":"com.google.android.gms","ownerUserId":0,"tag":"wake:com.google.android.gms/.chimera.PersistentIntentOperationService - 991"}</string>
  <string>{"flags":1,"ownerPackageName":"com.xiaomi.market","ownerUserId":0,"tag":"com.xiaomi.market.data.WakeLockManager/DownloadComplete_com.miui.mediaeditor"}</string>
  <string>{"flags":1,"ownerPackageName":"android","ownerUserId":0,"tag":"*job*/com.android.email/com.kingsoft.email.service.ContactSyncCloudService"}</string>
  <string>{"flags":1,"ownerPackageName":"com.xiaomi.market","ownerUserId":0,"tag":"com.xiaomi.market.data.WakeLockManager/com.sankuai.meituan.takeoutnew"}</string>
  <string>{"flags":1,"ownerPackageName":"android","ownerUserId":0,"tag":"*sync*/com.android.calendar/com.xiaomi/2423179808"}</string>
  <string>{"flags":1,"ownerPackageName":"com.google.android.gms","ownerUserId":0,"tag":"*gms_scheduler*/com.google.android.gms/.phenotype.service.sync.PhenotypeConfigurator"}</string>
  <string>{"flags":1,"ownerPackageName":"com.google.android.gms","ownerUserId":0,"tag":"*gms_scheduler*/com.google.android.gms/.semanticlocation.mdd.MddDownloadScheduleService"}</string>
  <string>{"flags":1,"ownerPackageName":"android","ownerUserId":0,"tag":"*job*/com.google.android.gms.fitness/com.google/s759803588@gmail.com:android"}</string>
  <string>{"flags":1,"ownerPackageName":"android","ownerUserId":0,"tag":"*job*/com.google.android.gms.subscribedfeeds/com.google/s759803588@gmail.com:android"}</string>
  <string>{"flags":1,"ownerPackageName":"com.google.android.gms","ownerUserId":0,"tag":"Checkin Service"}</string>
  <string>{"flags":1,"ownerPackageName":"com.dv.adm.pay","ownerUserId":0,"tag":"com.dv.adm.pay78"}</string>
  <string>{"flags":1,"ownerPackageName":"android","ownerUserId":0,"tag":"GnssVisibilityControl"}</string>
  <string>{"flags":1,"ownerPackageName":"com.qualcomm.location","ownerUserId":0,"tag":"LocationService"}</string>
  <string>{"flags":1,"ownerPackageName":"com.google.android.gms","ownerUserId":0,"tag":"messaging_service_start_wakelock"}</string>
  <string>{"flags":805306378,"ownerPackageName":"com.android.incallui","ownerUserId":0,"tag":"InCallPresenter"}</string>
  <string>{"flags":1,"ownerPackageName":"com.google.android.gms","ownerUserId":0,"tag":"*gms_scheduler*/com.google.android.gms/.auth.account.be.legacy.AuthCronService"}</string>
  <string>{"flags":1,"ownerPackageName":"com.dv.adm.pay","ownerUserId":0,"tag":"com.dv.adm.pay121"}</string>
  <string>{"flags":1,"ownerPackageName":"android","ownerUserId":0,"tag":"*job*/com.miui.cloudservice/.privacy.FetchPrivacyPolicyJobService"}</string>
  <string>{"flags":1,"ownerPackageName":"android","ownerUserId":0,"tag":"*job*/com.xiaomi.mirror/.job.KeepAliveJobService"}</string>
  <string>{"flags":1,"ownerPackageName":"android","ownerUserId":0,"tag":"*job*/com.azure.authenticator/com.microsoft.onlineid.internal.MsaService"}</string>
  <string>{"flags":1,"ownerPackageName":"com.taobao.taobao","ownerUserId":0,"tag":"bifrost.WakerLock"}</string>
  <string>{"flags":1,"ownerPackageName":"android","ownerUserId":0,"tag":"LockoutResetMonitor:SendLockoutReset"}</string>
  <string>{"flags":1,"ownerPackageName":"android","ownerUserId":0,"tag":"*sync*/records/com.xiaomi/2423179808"}</string>
  <string>{"flags":1,"ownerPackageName":"com.azure.authenticator","ownerUserId":0,"tag":"fiid-sync"}</string>
  <string>{"flags":1,"ownerPackageName":"android","ownerUserId":0,"tag":"*job*/com.mi.health/com.xiaomi.fitness.sync.SyncJobService"}</string>
  <string>{"flags":1,"ownerPackageName":"com.google.android.gms","ownerUserId":0,"tag":"*gms_scheduler*/com.google.android.gms/.security.safebrowsing.SafeBrowsingUpdateTaskService"}</string>
  <string>{"flags":1,"ownerPackageName":"com.samsung.android.scan3d","ownerUserId":0,"tag":"ProcessingService:ImageShadowTask-ShotId-2"}</string>
  <string>{"flags":1,"ownerPackageName":"android","ownerUserId":0,"tag":"*job*/com.android.thememanager/.service.ThemeSchedulerService"}</string>
  <string>{"flags":1,"ownerPackageName":"com.xiaomi.market","ownerUserId":0,"tag":"com.xiaomi.market.data.WakeLockManager/DownloadComplete_com.sankuai.meituan.takeoutnew"}</string>
  <string>{"flags":1,"ownerPackageName":"android","ownerUserId":0,"tag":"*job*/com.android.calendar/com.miui.calendar.job.DaysOffJobService"}</string>
  <string>{"flags":1,"ownerPackageName":"android","ownerUserId":0,"tag":"*job*/com.miui.cloudservice/.cloudcontrol.FetchCloudConfigJobService"}</string>
  <string>{"flags":1,"ownerPackageName":"com.cainiao.wireless","ownerUserId":0,"tag":"bifrost.WakerLock"}</string>
  <string>{"flags":1,"ownerPackageName":"com.microsoft.bing","ownerUserId":0,"tag":"wake:com.google.firebase.messaging"}</string>
  <string>{"flags":1,"ownerPackageName":"com.android.phone","ownerUserId":0,"tag":"CallerInfoCache"}</string>
  <string>{"flags":536870913,"ownerPackageName":"com.coolapk.market","ownerUserId":0,"tag":"TPNS:VIP"}</string>
  <string>{"flags":1,"ownerPackageName":"com.google.android.gms","ownerUserId":0,"tag":"*gms_scheduler*/com.google.android.gms/.checkin.CheckinService"}</string>
  <string>{"flags":1,"ownerPackageName":"android","ownerUserId":0,"tag":"*job*/com.android.contacts/com.xiaomi/2423179808:android"}</string>
  <string>{"flags":1,"ownerPackageName":"android","ownerUserId":0,"tag":"*launch*"}</string>
  <string>{"flags":1,"ownerPackageName":"com.dv.adm.pay","ownerUserId":0,"tag":"com.dv.adm.pay156"}</string>
  <string>{"flags":1,"ownerPackageName":"com.dv.adm.pay","ownerUserId":0,"tag":"com.dv.adm.pay133"}</string>
  <string>{"flags":1,"ownerPackageName":"com.google.android.gms","ownerUserId":0,"tag":"IntentOp:.reminders.notification.ScheduleTimeRemindersIntentOperation"}</string>
  <string>{"flags":1,"ownerPackageName":"android","ownerUserId":0,"tag":"*job*/com.miui.securitycenter/com.miui.antivirus.service.VirusAutoUpdateJobService"}</string>
  <string>{"flags":1,"ownerPackageName":"com.miHoYo.GenshinImpact","ownerUserId":0,"tag":"fiid-sync"}</string>
  <string>{"flags":1,"ownerPackageName":"android","ownerUserId":0,"tag":"*job*/records/com.xiaomi/2423179808:android"}</string>
  <string>{"flags":1,"ownerPackageName":"com.android.systemui","ownerUserId":0,"tag":"media"}</string>
  <string>{"flags":1,"ownerPackageName":"com.google.android.gms","ownerUserId":0,"tag":"*gms_scheduler*/com.google.android.gms/.droidguard.DroidGuardGcmTaskService"}</string>
  <string>{"flags":1,"ownerPackageName":"android","ownerUserId":0,"tag":"*job*/com.miui.contentcatcher/.service.cloudsync.CloudSyncJobService"}</string>
  <string>{"flags":1,"ownerPackageName":"android","ownerUserId":0,"tag":"*job*/android/com.android.server.backup.KeyValueBackupJob"}</string>
  <string>{"flags":1,"ownerPackageName":"com.taobao.idlefish","ownerUserId":0,"tag":"fiid-sync"}</string>
  <string>{"flags":1,"ownerPackageName":"com.android.cellbroadcastservice","ownerUserId":0,"tag":"CellBroadcastHandler"}</string>
  <string>{"flags":1,"ownerPackageName":"com.google.android.gms","ownerUserId":0,"tag":"DG:service"}</string>
  <string>{"flags":1,"ownerPackageName":"com.android.server.telecom","ownerUserId":0,"tag":"UserCallActivity"}</string>
  <string>{"flags":1,"ownerPackageName":"com.google.android.gms","ownerUserId":0,"tag":"*gms_scheduler*/com.google.android.gms/.common.config.PhenotypeCheckinService"}</string>
  <string>{"flags":1,"ownerPackageName":"android","ownerUserId":0,"tag":"*job*/com.miui.daemon/.mqsas.jobs.EventUploadService"}</string>
  <string>{"flags":1,"ownerPackageName":"android","ownerUserId":0,"tag":"*job*/com.google.android.gms.appstate/com.google/s759803588@gmail.com:android"}</string>
  <string>{"flags":1,"ownerPackageName":"com.android.networkstack.inprocess","ownerUserId":0,"tag":"IpReachabilityMonitor.wlan0"}</string>
  <string>{"flags":1,"ownerPackageName":"android","ownerUserId":0,"tag":"*job*/com.android.vending/com.google.android.finsky.instantapps.dna.ArchivePrefetchService"}</string>
  <string>{"flags":1,"ownerPackageName":"com.tencent.mobileqq","ownerUserId":0,"tag":"MSF:VideoPush"}</string>
  <string>{"flags":1,"ownerPackageName":"com.samsung.android.scan3d","ownerUserId":0,"tag":"ProcessingService:ImageShadowTask-ShotId-5"}</string>
  <string>{"flags":1,"ownerPackageName":"android","ownerUserId":0,"tag":"*job*/com.coolapk.market/androidx.work.impl.background.systemjob.SystemJobService"}</string>
  <string>{"flags":1,"ownerPackageName":"android","ownerUserId":0,"tag":"*sync*/call_log/com.xiaomi/2423179808"}</string>
  <string>{"flags":1,"ownerPackageName":"android","ownerUserId":0,"tag":"*job*/com.google.android.gms.games/com.google/s759803588@gmail.com:android"}</string>
  <string>{"flags":1,"ownerPackageName":"android","ownerUserId":0,"tag":"*job*/com.android.permissioncontroller/.permission.service.LocationAccessCheck$LocationAccessCheckJobService"}</string>
  <string>{"flags":1,"ownerPackageName":"android","ownerUserId":0,"tag":"*job*/com.miui.tsmclient/.service.AutoRechargeJobService"}</string>
  <string>{"flags":128,"ownerPackageName":"android","ownerUserId":0,"tag":"Window:com.xiaomi.aiasst.service"}</string>
  <string>{"flags":1,"ownerPackageName":"android","ownerUserId":0,"tag":"*job*/com.chaoxing.mobile/com.taobao.accs.internal.AccsJobService"}</string>
  <string>{"flags":1,"ownerPackageName":"android","ownerUserId":0,"tag":"*sync*/antispam/com.xiaomi/2423179808"}</string>
  <string>{"flags":1,"ownerPackageName":"android","ownerUserId":0,"tag":"*job*/com.miui.cloudservice/.notification.MiCloudSyncNotificationService"}</string>
  <string>{"flags":1,"ownerPackageName":"com.xiaomi.finddevice","ownerUserId":0,"tag":"androidx.core:wake:com.xiaomi.finddevice/.v2.command.CommandService"}</string>
  <string>{"flags":1,"ownerPackageName":"com.android.systemui","ownerUserId":0,"tag":"RingtonePlayer"}</string>
  <string>{"flags":1,"ownerPackageName":"com.dv.adm.pay","ownerUserId":0,"tag":"com.dv.adm.pay215"}</string>
  <string>{"flags":1,"ownerPackageName":"com.android.systemui","ownerUserId":0,"tag":"show keyguard"}</string>
  <string>{"flags":1,"ownerPackageName":"com.xiaomi.market","ownerUserId":0,"tag":"com.xiaomi.market.data.WakeLockManager/bin.mt.plus"}</string>
  <string>{"flags":1,"ownerPackageName":"com.dv.adm.pay","ownerUserId":0,"tag":"com.dv.adm.pay193"}</string>
  <string>{"flags":1,"ownerPackageName":"android","ownerUserId":0,"tag":"*job*/com.android.settings/.statistic.SettingsCollectorService"}</string>
  <string>{"flags":1,"ownerPackageName":"android","ownerUserId":0,"tag":"*sync*/com.miui.browser/com.xiaomi/2423179808"}</string>
  <string>{"flags":1,"ownerPackageName":"com.dv.adm.pay","ownerUserId":0,"tag":"com.dv.adm.pay170"}</string>
  <string>{"flags":1,"ownerPackageName":"android","ownerUserId":0,"tag":"*job*/com.xiaomi.market/.reverse_ad.service.ReverseAdScheduleService"}</string>
  <string>{"flags":1,"ownerPackageName":"com.google.android.gms","ownerUserId":0,"tag":"*gms_scheduler*/com.google.android.gms/.people.service.BackupAndSyncOptInValidationService"}</string>
  <string>{"flags":1,"ownerPackageName":"com.dv.adm.pay","ownerUserId":0,"tag":"com.dv.adm.pay117"}</string>
  <string>{"flags":536870913,"ownerPackageName":"com.tencent.tmgp.sgame","ownerUserId":0,"tag":"TPNS:VIP"}</string>
  <string>{"flags":1,"ownerPackageName":"com.dv.adm.pay","ownerUserId":0,"tag":"com.dv.adm.pay127"}</string>
  <string>{"flags":1,"ownerPackageName":"com.dv.adm.pay","ownerUserId":0,"tag":"com.dv.adm.pay95"}</string>
  <string>{"flags":268435466,"ownerPackageName":"com.xiaomi.mirror","ownerUserId":0,"tag":"DeviceStatusManager"}</string>
  <string>{"flags":1,"ownerPackageName":"android","ownerUserId":0,"tag":"*job*/com.xiaomi.market/.service.CommonMarketService"}</string>
  <string>{"flags":1,"ownerPackageName":"android","ownerUserId":0,"tag":"*job*/com.google.android.webview/org.chromium.android_webview.services.AwVariationsSeedFetcher"}</string>
  <string>{"flags":1,"ownerPackageName":"com.xiaomi.finddevice","ownerUserId":0,"tag":"QueueTaskInner[PersistentAppTaskManager[FetchCommandTask]:PersistentAppTaskInner[com.xiaomi.finddevice.v2.update.FetchCommandTask$FetchCommandSubTask]]"}</string>
  <string>{"flags":128,"ownerPackageName":"android","ownerUserId":0,"tag":"Window:gxzw_anim"}</string>
  <string>{"flags":1,"ownerPackageName":"android","ownerUserId":0,"tag":"*job*/com.miui.cloudbackup/.cloudcontrol.FetchCloudConfigJobService"}</string>
  <string>{"flags":1,"ownerPackageName":"com.google.android.gms","ownerUserId":0,"tag":"Icing"}</string>
  <string>{"flags":26,"ownerPackageName":"com.android.server.telecom","ownerUserId":0,"tag":"InCallWakeLockController"}</string>
  <string>{"flags":1,"ownerPackageName":"com.xiaomi.market","ownerUserId":0,"tag":"com.xiaomi.market.data.WakeLockManager/com.midea.vm.washer"}</string>
  <string>{"flags":1,"ownerPackageName":"android","ownerUserId":0,"tag":"*job*/antispam/com.xiaomi/2423179808:android"}</string>
  <string>{"flags":1,"ownerPackageName":"android","ownerUserId":0,"tag":"*job*/com.baidu.netdisk.xiaomi.appunion/com.baidu.netdisk.service.NetdiskJobService"}</string>
  <string>{"flags":1,"ownerPackageName":"android","ownerUserId":0,"tag":"*job*/com.android.providers.media.module/com.android.providers.media.IdleService"}</string>
  <string>{"flags":1,"ownerPackageName":"com.miui.gallery","ownerUserId":0,"tag":"AsyncUpDownloadService#WakeLock"}</string>
  <string>{"flags":1,"ownerPackageName":"com.google.android.gms","ownerUserId":0,"tag":"*gms_scheduler*/com.google.android.gms/.semanticlocationhistory.deidentifieddata.batchactivity.CyclingProcessingService"}</string>
  <string>{"flags":1,"ownerPackageName":"android","ownerUserId":0,"tag":"*job*/com.miui.daemon/.mqsas.jobs.FileUploadService"}</string>
  <string>{"flags":1,"ownerPackageName":"com.xiaomi.market","ownerUserId":0,"tag":"com.xiaomi.market.data.WakeLockManager/DownloadComplete_com.guangyiedu.jiudou"}</string>
  <string>{"flags":1,"ownerPackageName":"com.samsung.android.scan3d","ownerUserId":0,"tag":"ProcessingService:ImageShadowTask-ShotId-4"}</string>
  <string>{"flags":1,"ownerPackageName":"android","ownerUserId":0,"tag":"*job*/info.muge.appshare/androidx.work.impl.background.systemjob.SystemJobService"}</string>
  <string>{"flags":1,"ownerPackageName":"com.google.android.gms","ownerUserId":0,"tag":"NlpWakeLock"}</string>
  <string>{"flags":1,"ownerPackageName":"android","ownerUserId":0,"tag":"*job*/com.android.mms/com.miui.smsextra.service.TemplateUpdateService"}</string>
  <string>{"flags":1,"ownerPackageName":"com.google.android.gms","ownerUserId":0,"tag":"wake:com.google.android.gms/.chimera.PersistentIntentOperationService - 928"}</string>
  <string>{"flags":1,"ownerPackageName":"android","ownerUserId":0,"tag":"*job*/com.android.email/com.kingsoft.email.service.DomainConfigService"}</string>
  <string>{"flags":1,"ownerPackageName":"com.google.android.gms","ownerUserId":0,"tag":"*gms_scheduler*/com.google.android.gms/.auth.cryptauth.register.ReEnrollmentService"}</string>
  <string>{"flags":1,"ownerPackageName":"com.dv.adm.pay","ownerUserId":0,"tag":"com.dv.adm.pay214"}</string>
  <string>{"flags":1,"ownerPackageName":"com.dv.adm.pay","ownerUserId":0,"tag":"com.dv.adm.pay237"}</string>
  <string>{"flags":1,"ownerPackageName":"android","ownerUserId":0,"tag":"*job*/com.xiaomi.mi_connect_service/.jobs.MiConnectJobService"}</string>
  <string>{"flags":1,"ownerPackageName":"android","ownerUserId":0,"tag":"*job*/com.baidu.netdisk/.service.NetdiskJobService"}</string>
  <string>{"flags":1,"ownerPackageName":"com.dv.adm.pay","ownerUserId":0,"tag":"com.dv.adm.pay192"}</string>
  <string>{"flags":1,"ownerPackageName":"android","ownerUserId":0,"tag":"*job*/com.android.email/com.kingsoft.email.service.EmailBroadcastProcessorService"}</string>
  <string>{"flags":1,"ownerPackageName":"android","ownerUserId":0,"tag":"*job*/com.android.contacts/org.telegram.messenger/5498755086:android"}</string>
  <string>{"flags":1,"ownerPackageName":"com.xiaomi.market","ownerUserId":0,"tag":"com.xiaomi.market.data.WakeLockManager/com.yumc.phsuperapp"}</string>
  <string>{"flags":1,"ownerPackageName":"com.google.android.gms","ownerUserId":0,"tag":"wake:com.google.android.gms/.chimera.PersistentIntentOperationService - 667"}</string>
  <string>{"flags":10,"ownerPackageName":"com.android.systemui","ownerUserId":0,"tag":"wireless_charge"}</string>
  <string>{"flags":1,"ownerPackageName":"android","ownerUserId":0,"tag":"*sync*/com.baidu.searchbox.pushsyncadapter.dataSync/com.baidu.searchbox.push.datasync/百度同步"}</string>
  <string>{"flags":1,"ownerPackageName":"android","ownerUserId":0,"tag":"*job*/com.android.vending/com.google.android.finsky.instantapps.metrics.LogFlushJob"}</string>
  <string>{"flags":1,"ownerPackageName":"com.dv.adm.pay","ownerUserId":0,"tag":"com.dv.adm.pay126"}</string>
  <string>{"flags":1,"ownerPackageName":"com.dv.adm.pay","ownerUserId":0,"tag":"com.dv.adm.pay149"}</string>
  <string>{"flags":1,"ownerPackageName":"android","ownerUserId":0,"tag":"*job*/com.miui.aod/.AnalyticalDataCollectorJobService"}</string>
  <string>{"flags":1,"ownerPackageName":"com.tencent.mobileqq","ownerUserId":0,"tag":"Video:Servlet"}</string>
  <string>{"flags":1,"ownerPackageName":"android","ownerUserId":0,"tag":"*job*/com.xiaomi.market/.business_core.update.manual.ManualUpdateScheduler"}</string>
  <string>{"flags":1,"ownerPackageName":"android","ownerUserId":0,"tag":"*job*/com.miui.mediaeditor/androidx.work.impl.background.systemjob.SystemJobService"}</string>
  <string>{"flags":1,"ownerPackageName":"android","ownerUserId":0,"tag":"NetworkTimeUpdateService"}</string>
  <string>{"flags":1,"ownerPackageName":"bin.mt.plus","ownerUserId":0,"tag":"bin.mt.plus:AsyncTask"}</string>
  <string>{"flags":1,"ownerPackageName":"com.xiaomi.market","ownerUserId":0,"tag":"com.xiaomi.market.data.WakeLockManager/DownloadComplete_com.cainiao.wireless"}</string>
  <string>{"flags":128,"ownerPackageName":"android","ownerUserId":0,"tag":"Window:GestureStubLeft"}</string>
  <string>{"flags":1,"ownerPackageName":"android","ownerUserId":0,"tag":"*job*/com.miui.voiceassist/com.xiaomi.assist.report.AliveJobService"}</string>
  <string>{"flags":1,"ownerPackageName":"android","ownerUserId":0,"tag":"*job*/com.android.vending/com.google.android.finsky.scheduler.process.mainimpl.PhoneskyJobServiceMain"}</string>
  <string>{"flags":1,"ownerPackageName":"android","ownerUserId":0,"tag":"*job*/com.xiaomi.bluetooth/com.android.bluetooth.ble.jobs.ReconnectionJobService"}</string>
  <string>{"flags":1,"ownerPackageName":"android","ownerUserId":0,"tag":"SCREEN_FROZEN"}</string>
  <string>{"flags":1,"ownerPackageName":"com.miui.aod","ownerUserId":0,"tag":"Doze"}</string>
  <string>{"flags":1,"ownerPackageName":"android","ownerUserId":0,"tag":"*job*/android/com.android.server.usage.UsageStatsIdleService"}</string>
  <string>{"flags":1,"ownerPackageName":"com.google.android.gms","ownerUserId":0,"tag":"*gms_scheduler*/com.google.android.gms/.auth.blockstore.service.cloudsync.CloudSyncBackupTaskService"}</string>
  <string>{"flags":128,"ownerPackageName":"android","ownerUserId":0,"tag":"Window:GestureStubHome"}</string>
  <string>{"flags":1,"ownerPackageName":"android","ownerUserId":0,"tag":"*job*/com.android.vending/com.google.android.finsky.instantapps.InstantAppsSharedPreferencesService"}</string>
  <string>{"flags":1,"ownerPackageName":"android","ownerUserId":0,"tag":"*job*/com.miui.daemon/.performance.cloudcontrol.CloudControlSyncService"}</string>
  <string>{"flags":1,"ownerPackageName":"com.android.providers.downloads","ownerUserId":0,"tag":"DownloadManager"}</string>
  <string>{"flags":1,"ownerPackageName":"com.dv.adm.pay","ownerUserId":0,"tag":"com.dv.adm.pay259"}</string>
  <string>{"flags":1,"ownerPackageName":"com.dv.adm.pay","ownerUserId":0,"tag":"com.dv.adm.pay236"}</string>
  <string>{"flags":1,"ownerPackageName":"com.google.android.gms","ownerUserId":0,"tag":"*gms_scheduler*/com.google.android.gms/.measurement.PackageMeasurementTaskService"}</string>
  <string>{"flags":1,"ownerPackageName":"android","ownerUserId":0,"tag":"*job*/com.xiaomi.finddevice/.v2.securitypush.SecurityContextPeriodicUpdateJob"}</string>
  <string>{"flags":1,"ownerPackageName":"com.xiaomi.market","ownerUserId":0,"tag":"com.xiaomi.market.data.WakeLockManager/DownloadComplete_com.kugou.android.lite"}</string>
  <string>{"flags":1,"ownerPackageName":"android","ownerUserId":0,"tag":"*job*/com.android.providers.settings/.WriteFallbackSettingsFilesJobService"}</string>
  <string>{"flags":1,"ownerPackageName":"android","ownerUserId":0,"tag":"*job*/com.miui.daemon/.mqsas.jobs.HeartBeatUploadService"}</string>
  <string>{"flags":1,"ownerPackageName":"audioserver","ownerUserId":0,"tag":"AudioMix"}</string>
  <string>{"flags":1,"ownerPackageName":"com.google.android.gms","ownerUserId":0,"tag":"*gms_scheduler*/com.google.android.gms/.ads.social.GcmSchedulerWakeupService"}</string>
  <string>{"flags":1,"ownerPackageName":"com.tencent.mm","ownerUserId":0,"tag":"WxIndex"}</string>
  <string>{"flags":1,"ownerPackageName":"android","ownerUserId":0,"tag":"*job*/com.xiaomi.account/.config.notification.FetchAccountPushConfigJobService"}</string>
  <string>{"flags":1,"ownerPackageName":"android","ownerUserId":0,"tag":"*location*:GnssLocationProvider"}</string>
  <string>{"flags":128,"ownerPackageName":"android","ownerUserId":0,"tag":"Window:NavigationBar0"}</string>
  <string>{"flags":1,"ownerPackageName":"com.google.android.gms","ownerUserId":0,"tag":"*gms_scheduler*/com.google.android.gms/.common.systemhealthutils.restart.GmsRestartGmsService"}</string>
  <string>{"flags":1,"ownerPackageName":"org.codeaurora.ims","ownerUserId":0,"tag":"ImsSenderRxr"}</string>
  <string>{"flags":1,"ownerPackageName":"com.dv.adm.pay","ownerUserId":0,"tag":"com.dv.adm.pay115"}</string>
  <string>{"flags":1,"ownerPackageName":"com.dv.adm.pay","ownerUserId":0,"tag":"com.dv.adm.pay148"}</string>
  <string>{"flags":1,"ownerPackageName":"com.tencent.mm","ownerUserId":0,"tag":"fiid-sync"}</string>
  <string>{"flags":1,"ownerPackageName":"android","ownerUserId":0,"tag":"*job*/com.miui.cleanmaster/com.miui.optimizecenter.cloudcontrol.CloudControlSyncJobService"}</string>
  <string>{"flags":1,"ownerPackageName":"com.google.android.gms","ownerUserId":0,"tag":"*gms_scheduler*/com.google.android.gms/.icing.proxy.IcingInternalCorporaUpdateService"}</string>
  <string>{"flags":1,"ownerPackageName":"audioserver","ownerUserId":0,"tag":"AudioDirectOut"}</string>
  <string>{"flags":1,"ownerPackageName":"android","ownerUserId":0,"tag":"*job*/com.xiaomi.market/.business_core.subscribe.AutoDownloadScheduler"}</string>
  <string>{"flags":1,"ownerPackageName":"android","ownerUserId":0,"tag":"*job*/com.miui.voiceassist/com.xiaomi.voiceassistant.skills.service.TimingJobService"}</string>
  <string>{"flags":1,"ownerPackageName":"com.google.android.gms","ownerUserId":0,"tag":"*gms_scheduler*/com.google.android.gms/.stats.PlatformStatsCollectorService"}</string>
  <string>{"flags":1,"ownerPackageName":"com.mi.health","ownerUserId":0,"tag":"mifit:IHMActivityDataCallback"}</string>
  <string>{"flags":1,"ownerPackageName":"com.google.android.gms","ownerUserId":0,"tag":"*gms_scheduler*/com.google.android.gms/.ipa.base.IpaGcmTaskService"}</string>
  <string>{"flags":1,"ownerPackageName":"com.android.phone","ownerUserId":0,"tag":"NitzSignalInputFilterPredicateFactory"}</string>
  <string>{"flags":1,"ownerPackageName":"android","ownerUserId":0,"tag":"*job*/com.qualcomm.qti.autoregistration/.RegistrationJobService"}</string>
  <string>{"flags":1,"ownerPackageName":"com.tencent.mm","ownerUserId":0,"tag":"WechatXposed"}</string>
  <string>{"flags":1,"ownerPackageName":"com.google.android.gms","ownerUserId":0,"tag":"Wakeful StateMachine: GeofencerStateMachine"}</string>
  <string>{"flags":1,"ownerPackageName":"android","ownerUserId":0,"tag":"*job*/com.android.vending/com.google.android.finsky.scheduler.process.backgroundimpl.PhoneskyJobServiceBackground"}</string>
  <string>{"flags":1,"ownerPackageName":"com.google.android.gms","ownerUserId":0,"tag":"*gms_scheduler*/com.google.android.gms/.semanticlocationhistory.db.OdlhDatabaseCleanupJob"}</string>
  <string>{"flags":1,"ownerPackageName":"android","ownerUserId":0,"tag":"*job*/com.miui.daemon/.performance.statistics.services.IonService"}</string>
  <string>{"flags":1,"ownerPackageName":"com.google.android.gms","ownerUserId":0,"tag":"bveo:SnetNormal"}</string>
  <string>{"flags":1,"ownerPackageName":"com.dv.adm.pay","ownerUserId":0,"tag":"com.dv.adm.pay125"}</string>
  <string>{"flags":128,"ownerPackageName":"android","ownerUserId":0,"tag":"Window:NotificationShade"}</string>
  <string>{"flags":1,"ownerPackageName":"com.google.android.gms","ownerUserId":0,"tag":"*gms_scheduler*/com.google.android.gms/.telephonyspam.sync.SpamListSyncTaskService"}</string>
  <string>{"flags":128,"ownerPackageName":"android","ownerUserId":0,"tag":"Window:com.miui.home/com.miui.home.launcher.Launcher"}</string>
  <string>{"flags":1,"ownerPackageName":"android","ownerUserId":0,"tag":"*job*/com.google.android.gms.reminders/com.google/s759803588@gmail.com:android"}</string>
  <string>{"flags":1,"ownerPackageName":"com.google.android.gms","ownerUserId":0,"tag":"*gms_scheduler*/com.google.android.gms/.smartdevice.logging.CleanBufferedLogsService"}</string>
  <string>{"flags":1,"ownerPackageName":"android","ownerUserId":0,"tag":"*job*/com.miui.cloudservice/.state.userinfo.PeriodicQueryMemberInfoJobService"}</string>
  <string>{"flags":1,"ownerPackageName":"com.dv.adm.pay","ownerUserId":0,"tag":"com.dv.adm.pay258"}</string>
  <string>{"flags":1,"ownerPackageName":"com.miui.aod","ownerUserId":0,"tag":"MiuiDozeBrightnessTimeoutAdapter"}</string>
  <string>{"flags":1,"ownerPackageName":"android","ownerUserId":0,"tag":"*job*/com.android.systemui/com.miui.systemui.analytics.SettingsJobSchedulerService"}</string>
  <string>{"flags":1,"ownerPackageName":"android","ownerUserId":0,"tag":"*job*/jp.pxv.android/androidx.work.impl.background.systemjob.SystemJobService"}</string>
  <string>{"flags":1,"ownerPackageName":"com.google.android.gms","ownerUserId":0,"tag":"GCM_WORK"}</string>
  <string>{"flags":1,"ownerPackageName":"com.xiaomi.finddevice","ownerUserId":0,"tag":"QueueTaskInner[PersistentAppTaskManager[RegIdUpdateTaskTaskManager]:PersistentAppTaskInner[com.xiaomi.finddevice.v2.update.RegIdUpdateTask$UploadRegIdIfFindDeviceOpenSubTask]]"}</string>
  <string>{"flags":1,"ownerPackageName":"com.tencent.mm","ownerUserId":0,"tag":"MicroMsg.SyncService"}</string>
  <string>{"flags":1,"ownerPackageName":"com.xiaomi.market","ownerUserId":0,"tag":"com.xiaomi.market.data.WakeLockManager/DownloadComplete_com.baidu.searchbox"}</string>
  <string>{"flags":1,"ownerPackageName":"com.xiaomi.market","ownerUserId":0,"tag":"com.xiaomi.market.data.WakeLockManager/DownloadComplete_com.sankuai.meituan"}</string>
  <string>{"flags":1,"ownerPackageName":"android","ownerUserId":0,"tag":"*alarm*"}</string>
  <string>{"flags":1,"ownerPackageName":"com.google.android.gms","ownerUserId":0,"tag":"*gms_scheduler*/com.google.android.gms/.auth.folsom.service.FolsomPublicKeyUpdateService"}</string>
  <string>{"flags":1,"ownerPackageName":"com.google.android.gms","ownerUserId":0,"tag":"*gms_scheduler*/com.google.android.gms/.constellation.checker.RefreshGcmTaskService"}</string>
  <string>{"flags":1,"ownerPackageName":"com.qualcomm.timeservice","ownerUserId":0,"tag":"TimeService"}</string>
  <string>{"flags":1,"ownerPackageName":"com.miHoYo.GenshinImpact","ownerUserId":0,"tag":"LiveService"}</string>
  <string>{"flags":1,"ownerPackageName":"android","ownerUserId":0,"tag":"*sync*/com.android.bluetooth.ble.app.headsetdata.provider/com.xiaomi/2423179808"}</string>
  <string>{"flags":1,"ownerPackageName":"android","ownerUserId":0,"tag":"*job*/com.android.calendar/com.miui.calendar.job.LimitJobService"}</string>
  <string>{"flags":1,"ownerPackageName":"android","ownerUserId":0,"tag":"*job*/com.android.htmlviewer/com.android.settings.cloud.CloudJobService2"}</string>
  <string>{"flags":1,"ownerPackageName":"com.google.android.gms","ownerUserId":0,"tag":"GmsDownloadIntentOp"}</string>
  <string>{"flags":1,"ownerPackageName":"com.google.android.gms","ownerUserId":0,"tag":"IntentOp:.stats.controlledevents.ControlledEventsPhenotypeUpdateOperation"}</string>
  <string>{"flags":1,"ownerPackageName":"com.google.android.gms","ownerUserId":0,"tag":"*gms_scheduler*/com.google.android.gms/.udc.service.UdcContextInitService"}</string>
  <string>{"flags":1,"ownerPackageName":"android","ownerUserId":0,"tag":"*job*/android/com.android.server.MountServiceIdler"}</string>
  <string>{"flags":1,"ownerPackageName":"android","ownerUserId":0,"tag":"*job*/com.google.android.webview/org.chromium.android_webview.nonembedded.AwComponentUpdateService"}</string>
  <string>{"flags":1,"ownerPackageName":"audioserver","ownerUserId":0,"tag":"AudioOffload"}</string>
  <string>{"flags":1,"ownerPackageName":"com.google.android.gms","ownerUserId":0,"tag":"*gms_scheduler*/com.google.android.gms/.semanticlocationhistory.deidentifieddata.wifi.WifiPlaceVisitProcessingService"}</string>
  <string>{"flags":1,"ownerPackageName":"android","ownerUserId":0,"tag":"*job*/com.xiaomi.aiasst.service/.cloudctrl.CloudCtrlSyncJobService"}</string>
  <string>{"flags":1,"ownerPackageName":"com.android.cellbroadcastservice","ownerUserId":0,"tag":"CdmaServiceCategoryProgramHandler"}</string>
  <string>{"flags":1,"ownerPackageName":"android","ownerUserId":0,"tag":"*job*/com.miui.cloudservice/.sync.banner.BannerJobService"}</string>
  <string>{"flags":1,"ownerPackageName":"android","ownerUserId":0,"tag":"*job*/com.miui.contentextension/.services.CloudSyncJobService"}</string>
  <string>{"flags":1,"ownerPackageName":"com.xiaomi.market","ownerUserId":0,"tag":"com.xiaomi.market.data.WakeLockManager/com.sankuai.meituan"}</string>
  <string>{"flags":1,"ownerPackageName":"android","ownerUserId":0,"tag":"*job*/com.miui.cloudservice/.state.userinfo.PeriodicQueryCloudQuotaJobService"}</string>
  <string>{"flags":1,"ownerPackageName":"com.xiaomi.market","ownerUserId":0,"tag":"com.xiaomi.market.data.WakeLockManager/com.baidu.searchbox"}</string>
  <string>{"flags":26,"ownerPackageName":"com.android.fileexplorer","ownerUserId":0,"tag":"SwiFTP"}</string>
  <string>{"flags":1,"ownerPackageName":"android","ownerUserId":0,"tag":"*job*/com.miui.daemon/.performance.statistics.services.UftService"}</string>
  <string>{"flags":1,"ownerPackageName":"android","ownerUserId":0,"tag":"GeofenceHardwareImpl"}</string>
  <string>{"flags":1,"ownerPackageName":"android","ownerUserId":0,"tag":"*job*/miui.phrase/com.xiaomi/2423179808:android"}</string>
  <string>{"flags":1,"ownerPackageName":"com.tencent.mobileqq","ownerUserId":0,"tag":"VFS:Maintenance"}</string>
  <string>{"flags":1,"ownerPackageName":"com.google.android.gms","ownerUserId":0,"tag":"*gms_scheduler*/com.google.android.gms/.common.stats.NotificationLoggingTask"}</string>
  <string>{"flags":1,"ownerPackageName":"com.xiaomi.finddevice","ownerUserId":0,"tag":"com.xiaomi.finddevice.v2.command.CommandService"}</string>
  <string>{"flags":1,"ownerPackageName":"android","ownerUserId":0,"tag":"*job*/com.android.settings/.credentials.CredentialsUpdateService"}</string>
  <string>{"flags":1,"ownerPackageName":"com.samsung.android.scan3d","ownerUserId":0,"tag":"ProcessingService:onCreate"}</string>
  <string>{"flags":1,"ownerPackageName":"com.xiaomi.metoknlp","ownerUserId":0,"tag":"a.c.a.e.c.m"}</string>
  <string>{"flags":1,"ownerPackageName":"android","ownerUserId":0,"tag":"*job*/wifi/com.xiaomi/2423179808:android"}</string>
  <string>{"flags":1,"ownerPackageName":"android","ownerUserId":0,"tag":"*sync*/com.google.android.gms.chromesync/com.google/s759803588@gmail.com"}</string>
  <string>{"flags":1,"ownerPackageName":"android","ownerUserId":0,"tag":"*job*/com.miui.aod/.theme.ThemeResourceClearJobService"}</string>
  <string>{"flags":1,"ownerPackageName":"android","ownerUserId":0,"tag":"*job*/com.android.updater/.DailyCheckJobService"}</string>
  <string>{"flags":1,"ownerPackageName":"android","ownerUserId":0,"tag":"*sync*/com.android.email.provider/com.android.email/759803588@qq.com"}</string>
  <string>{"flags":1,"ownerPackageName":"android","ownerUserId":0,"tag":"*job*/com.android.mms/.service.JobStatService"}</string>
  <string>{"flags":1,"ownerPackageName":"android","ownerUserId":0,"tag":"*job*/com.lbe.security.miui/com.lbe.security.service.provider.internal.DataUploaderJobService"}</string>
  <string>{"flags":128,"ownerPackageName":"android","ownerUserId":0,"tag":"Window:StatusBar"}</string>
  <string>{"flags":1,"ownerPackageName":"android","ownerUserId":0,"tag":"SyncLoopWakeLock"}</string>
  <string>{"flags":1,"ownerPackageName":"android","ownerUserId":0,"tag":"*job*/com.miui.daemon/.performance.statistics.services.DefragService"}</string>
  <string>{"flags":1,"ownerPackageName":"android","ownerUserId":0,"tag":"handleAudioDeviceEvent"}</string>
  <string>{"flags":1,"ownerPackageName":"android","ownerUserId":0,"tag":"*job*/com.android.vending/com.google.android.finsky.instantapps.PhenotypeUpdateService"}</string>
  <string>{"flags":1,"ownerPackageName":"com.android.camera","ownerUserId":0,"tag":"VirtualCameraReprocessor"}</string>
  <string>{"flags":1,"ownerPackageName":"android","ownerUserId":0,"tag":"*job*/com.miui.voiceassist/com.xiaomi.voiceassistant.VAJobService"}</string>
  <string>{"flags":1,"ownerPackageName":"com.google.android.gms","ownerUserId":0,"tag":"*gms_scheduler*/com.google.android.gms/com.google.android.location.geofencer.service.RandomDailyTaskSchedulerService"}</string>
  <string>{"flags":1,"ownerPackageName":"android","ownerUserId":0,"tag":"ConnectivityService"}</string>
  <string>{"flags":1,"ownerPackageName":"com.miui.aod","ownerUserId":0,"tag":"DozeService"}</string>
  <string>{"flags":1,"ownerPackageName":"com.google.android.gms","ownerUserId":0,"tag":"nearby:ENWearableDeviceManager"}</string>
  <string>{"flags":1,"ownerPackageName":"android","ownerUserId":0,"tag":"*job*/com.android.calendar/com.miui.calendar.job.RemoteJobService"}</string>
  <string>{"flags":1,"ownerPackageName":"android","ownerUserId":0,"tag":"*job*/com.android.mms/com.miui.smsextra.service.TeddyADJobScheduler"}</string>
  <string>{"flags":1,"ownerPackageName":"android","ownerUserId":0,"tag":"*job*/com.miui.gallery/.pendingtask.base.PendingTaskService"}</string>
  <string>{"flags":1,"ownerPackageName":"com.miui.cloudbackup","ownerUserId":0,"tag":"CloudBackup:BackupSession"}</string>
  <string>{"flags":1,"ownerPackageName":"com.android.systemui","ownerUserId":0,"tag":"lockoutResetCallback"}</string>
  <string>{"flags":1,"ownerPackageName":"android","ownerUserId":0,"tag":"*sync*/com.google.android.gms.games.background/com.google/s759803588@gmail.com"}</string>
  <string>{"flags":128,"ownerPackageName":"android","ownerUserId":0,"tag":"Window:control_center"}</string>
  <string>{"flags":1,"ownerPackageName":"com.tencent.mobileqq","ownerUserId":0,"tag":"MSF:BootAction"}</string>
  <string>{"flags":1,"ownerPackageName":"com.xiaomi.finddevice","ownerUserId":0,"tag":"QueueTaskInner[PersistentAppTaskManager[PeriodicUpdateTaskTaskManager]:PersistentAppTaskInner[com.xiaomi.finddevice.v2.update.PeriodicUpdateTask$DeviceCredentialUpdateSubTask]]"}</string>
  <string>{"flags":64,"ownerPackageName":"android","ownerUserId":0,"tag":"DreamManagerService"}</string>
  <string>{"flags":1,"ownerPackageName":"com.google.android.gms","ownerUserId":0,"tag":"GCM_HB_ALARM"}</string>
  <string>{"flags":1,"ownerPackageName":"com.google.android.gms","ownerUserId":0,"tag":"*gms_scheduler*/com.google.android.gms/.fonts.update.UpdateSchedulerService"}</string>
  <string>{"flags":1,"ownerPackageName":"android","ownerUserId":0,"tag":"startDream"}</string>
  <string>{"flags":1,"ownerPackageName":"android","ownerUserId":0,"tag":"*job*/com.android.vending/com.google.android.finsky.instantapps.hint.AppPreloadHygieneService"}</string>
  <string>{"flags":26,"ownerPackageName":"android","ownerUserId":0,"tag":"ShutdownThread-screen"}</string>
  <string>{"flags":1,"ownerPackageName":"com.google.android.gms","ownerUserId":0,"tag":"*gms_scheduler*/com.google.android.gms/.tapandpay.gcmtask.TapAndPayGcmTaskService"}</string>
  <string>{"flags":1,"ownerPackageName":"com.android.nfc","ownerUserId":0,"tag":"NfcService:mRoutingWakeLock"}</string>
  <string>{"flags":1,"ownerPackageName":"android","ownerUserId":0,"tag":"*job*/com.google.android.gms.games.background/com.google/s759803588@gmail.com:android"}</string>
  <string>{"flags":1,"ownerPackageName":"com.android.phone","ownerUserId":0,"tag":"*telephony-radio*"}</string>
  <string>{"flags":1,"ownerPackageName":"android","ownerUserId":0,"tag":"*job*/com.android.systemui/com.miui.systemui.analytics.NotificationJobSchedulerService"}</string>
  <string>{"flags":1,"ownerPackageName":"com.google.android.gms","ownerUserId":0,"tag":"*gms_scheduler*/com.google.android.gms/.semanticlocationhistory.db.OdlhUserEditSyncJob"}</string>
  <string>{"flags":1,"ownerPackageName":"com.dv.adm.pay","ownerUserId":0,"tag":"com.dv.adm.pay119"}</string>
  <string>{"flags":1,"ownerPackageName":"android","ownerUserId":0,"tag":"*job*/com.android.htmlviewer/com.android.settings.cloud.CloudJobMobileDataService"}</string>
  <string>{"flags":1,"ownerPackageName":"com.midea.vm.washer","ownerUserId":0,"tag":"MQTT"}</string>
  <string>{"flags":1,"ownerPackageName":"com.paypal.android.p2pmobile","ownerUserId":0,"tag":"fiid-sync"}</string>
  <string>{"flags":1,"ownerPackageName":"com.google.android.gms","ownerUserId":0,"tag":"*gms_scheduler*/com.google.android.gms/.inappreach.service.rps.FetchAccountMessagesTaskBoundService"}</string>
  <string>{"flags":1,"ownerPackageName":"android","ownerUserId":0,"tag":"*job*/com.miui.voiceassist/androidx.work.impl.background.systemjob.SystemJobService"}</string>
  <string>{"flags":1,"ownerPackageName":"android","ownerUserId":0,"tag":"deviceidle_maint"}</string>
  <string>{"flags":1,"ownerPackageName":"com.android.phone","ownerUserId":0,"tag":"FiveG"}</string>
  <string>{"flags":1,"ownerPackageName":"com.tencent.mm","ownerUserId":0,"tag":"MicroMsg.MMAutoAuth"}</string>
  <string>{"flags":1,"ownerPackageName":"android","ownerUserId":0,"tag":"*job*/com.android.email/com.kingsoft.email.service.DomainListService"}</string>
  <string>{"flags":1,"ownerPackageName":"com.baidu.netdisk.xiaomi.appunion","ownerUserId":0,"tag":"milink"}</string>
  <string>{"flags":1,"ownerPackageName":"com.kiwibrowser.browser","ownerUserId":0,"tag":"fiid-sync"}</string>
  <string>{"flags":1,"ownerPackageName":"android","ownerUserId":0,"tag":"*job*/com.android.email/androidx.work.impl.background.systemjob.SystemJobService"}</string>
  <string>{"flags":805306378,"ownerPackageName":"com.tencent.mobileqq","ownerUserId":0,"tag":"Video:StartActivity"}</string>
  <string>{"flags":1,"ownerPackageName":"com.google.android.gms","ownerUserId":0,"tag":"GCoreFlp"}</string>
  <string>{"flags":1,"ownerPackageName":"com.google.android.gms","ownerUserId":0,"tag":"CMWakeLock"}</string>
  <string>{"flags":1,"ownerPackageName":"com.android.networkstack.inprocess","ownerUserId":0,"tag":"DhcpClient"}</string>
  <string>{"flags":1,"ownerPackageName":"android","ownerUserId":0,"tag":"PhoneWindowManager.mPowerKeyWakeLock"}</string>
  <string>{"flags":1,"ownerPackageName":"com.xiaomi.finddevice","ownerUserId":0,"tag":"QueueTaskInner[PersistentAppTaskManager[PhoneInfoUpdateTaskTaskManager]:PersistentAppTaskInner[com.xiaomi.finddevice.v2.update.PhoneInfoUpdateTask$ActivateSimsIfFindDeviceOpenSubTask]]"}</string>
  <string>{"flags":1,"ownerPackageName":"android","ownerUserId":0,"tag":"*job*/jp.pxv.android/.service.ImageDownloadService"}</string>
  <string>{"flags":1,"ownerPackageName":"com.android.fileexplorer","ownerUserId":0,"tag":"FileExplorer:tag_copy_move"}</string>
  <string>{"flags":1,"ownerPackageName":"android","ownerUserId":0,"tag":"*job*/com.android.networkstack.inprocess/com.android.server.connectivity.ipmemorystore.RegularMaintenanceJobService"}</string>
  <string>{"flags":1,"ownerPackageName":"com.xiaomi.market","ownerUserId":0,"tag":"com.xiaomi.market.data.WakeLockManager/com.cainiao.wireless"}</string>
  <string>{"flags":1,"ownerPackageName":"vendor.qti.iwlan","ownerUserId":0,"tag":"IWLAN_PROXY_RESP_WL"}</string>
  <string>{"flags":1,"ownerPackageName":"com.paypal.android.p2pmobile","ownerUserId":0,"tag":"wake:com.google.firebase.iid.WakeLockHolder"}</string>
  <string>{"flags":1,"ownerPackageName":"android","ownerUserId":0,"tag":"AnyMotionDetector"}</string>
  <string>{"flags":1,"ownerPackageName":"media","ownerUserId":0,"tag":"AWakeLock"}</string>
  <string>{"flags":1,"ownerPackageName":"android","ownerUserId":0,"tag":"*job*/com.android.settings/.stat.StatRecordJobService"}</string>
  <string>{"flags":1,"ownerPackageName":"android","ownerUserId":0,"tag":"*job*/com.kiwibrowser.browser/org.chromium.chrome.browser.crash.ChromeMinidumpUploadJobService"}</string>
  <string>{"flags":1,"ownerPackageName":"org.codeaurora.ims","ownerUserId":0,"tag":"NotifyRegistrantLock"}</string>
  <string>{"flags":1,"ownerPackageName":"android","ownerUserId":0,"tag":"*job*/com.google.android.gms.chromesync/com.google/s759803588@gmail.com:android"}</string>
  <string>{"flags":32,"ownerPackageName":"com.tencent.mobileqq","ownerUserId":0,"tag":"mobileqq:sensor"}</string>
  <string>{"flags":1,"ownerPackageName":"com.miui.aod","ownerUserId":0,"tag":"MamlViewContainer"}</string>
  <string>{"flags":1,"ownerPackageName":"com.google.android.gms","ownerUserId":0,"tag":"*gms_scheduler*/com.google.android.gms/.common.stats.permissions.PermissionStateLoggingTask"}</string>
  <string>{"flags":1,"ownerPackageName":"com.google.android.gms","ownerUserId":0,"tag":"GCM_CONN_ALARM"}</string>
  <string>{"flags":128,"ownerPackageName":"com.miui.aod","ownerUserId":0,"tag":"aod:dozeHostDrawWakeLock"}</string>
  <string>{"flags":1,"ownerPackageName":"android","ownerUserId":0,"tag":"*sync*/com.google.android.gms.people/com.google/s759803588@gmail.com"}</string>
  <string>{"flags":1,"ownerPackageName":"android","ownerUserId":0,"tag":"*job*/com.miui.cleanmaster/com.miui.optimizecenter.timed.AppTimedScanJobService"}</string>
  <string>{"flags":1,"ownerPackageName":"com.dv.adm.pay","ownerUserId":0,"tag":"com.dv.adm.pay171"}</string>
  <string>{"flags":1,"ownerPackageName":"com.miui.bugreport","ownerUserId":0,"tag":"com.miui.bugreport.service.FeedbackSyncService"}</string>
  <string>{"flags":1,"ownerPackageName":"android","ownerUserId":0,"tag":"*job*/com.miui.gallery.cloud.provider/com.xiaomi/2423179808:android"}</string>
  <string>{"flags":1,"ownerPackageName":"com.google.android.gms","ownerUserId":0,"tag":"*gms_scheduler*/com.google.android.gms/.people.service.DeletedNullContactsCleanupService"}</string>
  <string>{"flags":1,"ownerPackageName":"com.tencent.mobileqq","ownerUserId":0,"tag":"mobileqq:videoapp"}</string>
  <string>{"flags":1,"ownerPackageName":"com.dv.adm.pay","ownerUserId":0,"tag":"com.dv.adm.pay118"}</string>
  <string>{"flags":1,"ownerPackageName":"com.azure.authenticator","ownerUserId":0,"tag":"wake:com.google.firebase.iid.WakeLockHolder"}</string>
  <string>{"flags":1,"ownerPackageName":"com.qualcomm.qcrilmsgtunnel","ownerUserId":0,"tag":"QcrilOemhookMsgTunnel"}</string>
  <string>{"flags":1,"ownerPackageName":"com.xiaomi.finddevice","ownerUserId":0,"tag":"QueueTaskInner[PersistentAppTaskManager[PeriodicUpdateTaskTaskManager]:PersistentAppTaskInner[com.xiaomi.finddevice.v2.update.PeriodicUpdateTask$UpdateAlarmSubTask]]"}</string>
  <string>{"flags":1,"ownerPackageName":"com.android.providers.calendar","ownerUserId":0,"tag":"CalendarReceiver_Provider"}</string>
  <string>{"flags":1,"ownerPackageName":"android","ownerUserId":0,"tag":"*job*/com.android.camera/.statistic.SettingUploadJobService"}</string>
  <string>{"flags":1,"ownerPackageName":"android","ownerUserId":0,"tag":"*job*/android/com.android.server.pm.BackgroundDexOptService"}</string>
  <string>{"flags":1,"ownerPackageName":"com.dv.adm.pay","ownerUserId":0,"tag":"com.dv.adm.pay:wakelock"}</string>
  <string>{"flags":1,"ownerPackageName":"org.telegram.messenger","ownerUserId":0,"tag":"wake:com.google.firebase.iid.WakeLockHolder"}</string>
  <string>{"flags":1,"ownerPackageName":"com.android.mms","ownerUserId":0,"tag":"Mms:WakenService"}</string>
  <string>{"flags":1,"ownerPackageName":"android","ownerUserId":0,"tag":"*job*/com.miui.cloudbackup/.service.QuotaWarningNotificationCheckJobService"}</string>
  <string>{"flags":1,"ownerPackageName":"com.android.phone","ownerUserId":0,"tag":"ImsPhoneConnection"}</string>
  <string>{"flags":1,"ownerPackageName":"bin.mt.plus","ownerUserId":0,"tag":"bin.mt.plus:Task"}</string>
  <string>{"flags":128,"ownerPackageName":"android","ownerUserId":0,"tag":"Window:com.miui.notes"}</string>
  <string>{"flags":1,"ownerPackageName":"android","ownerUserId":0,"tag":"*job*/com.miui.packageinstaller/com.android.packageinstaller.job.TailStatJobService"}</string>
  <string>{"flags":1,"ownerPackageName":"com.sankuai.meituan.takeoutnew","ownerUserId":0,"tag":"CIPS:Idle"}</string>
  <string>{"flags":1,"ownerPackageName":"com.google.android.gms","ownerUserId":0,"tag":"*gms_scheduler*/com.google.android.gms/.phenotype.service.sync.PackageUpdateTaskService"}</string>
  <string>{"flags":1,"ownerPackageName":"com.dv.adm.pay","ownerUserId":0,"tag":"com.dv.adm.pay120"}</string>
  <string>{"flags":1,"ownerPackageName":"com.android.phone","ownerUserId":0,"tag":"CdmaInboundSmsHandler"}</string>
  <string>{"flags":1,"ownerPackageName":"com.google.android.gms","ownerUserId":0,"tag":"wake:com.google.android.gms/.chimera.GmsIntentOperationService - 913"}</string>
  <string>{"flags":1,"ownerPackageName":"com.google.android.gms","ownerUserId":0,"tag":"*gms_scheduler*/com.google.android.gms/.wallet.service.WalletGcmTaskService"}</string>
  <string>{"flags":1,"ownerPackageName":"android","ownerUserId":0,"tag":"*job*/com.miui.securitycenter/com.miui.securityscan.job.ScanJobService"}</string>
  <string>{"flags":1,"ownerPackageName":"com.xiaomi.market","ownerUserId":0,"tag":"com.xiaomi.market.data.WakeLockManager/CheckDownloadService"}</string>
  <string>{"flags":1,"ownerPackageName":"android","ownerUserId":0,"tag":"*job*/com.lbe.security.miui/com.lbe.security.service.provider.internal.CloudSyncJobService"}</string>
  <string>{"flags":1,"ownerPackageName":"android","ownerUserId":0,"tag":"*job*/com.google.android.gms.people/com.google/s759803588@gmail.com:android"}</string>
  <string>{"flags":1,"ownerPackageName":"com.google.android.gms","ownerUserId":0,"tag":"*gms_scheduler*/com.google.android.gms/.security.snet.TelecomTaskService"}</string>
  <string>{"flags":1,"ownerPackageName":"android","ownerUserId":0,"tag":"*sync*/com.google.android.gms.drive.sync/com.google/s759803588@gmail.com"}</string>
  <string>{"flags":1,"ownerPackageName":"com.miui.aod","ownerUserId":0,"tag":"MiuiDozeScreenBrightnessController"}</string>
  <string>{"flags":1,"ownerPackageName":"android","ownerUserId":0,"tag":"*job*/com.baidu.searchbox.pushsyncadapter.dataSync/com.baidu.searchbox.push.datasync/百度:android"}</string>
  <string>{"flags":1,"ownerPackageName":"com.miui.voiceassist","ownerUserId":0,"tag":"VoiceService:voice_service_cpu"}</string>
  <string>{"flags":1,"ownerPackageName":"com.dv.adm.pay","ownerUserId":0,"tag":"com.dv.adm.pay155"}</string>
  <string>{"flags":1,"ownerPackageName":"android","ownerUserId":0,"tag":"*sync*/sms/com.xiaomi/2423179808"}</string>
  <string>{"flags":1,"ownerPackageName":"com.google.android.gms","ownerUserId":0,"tag":"NlpCollectorWakeLock"}</string>
  <string>{"flags":1,"ownerPackageName":"android","ownerUserId":0,"tag":"*job*/com.miui.core/com.miui.internal.server.CoreJobService"}</string>
  <string>{"flags":1,"ownerPackageName":"com.google.android.gms","ownerUserId":0,"tag":"*gms_scheduler*/com.google.android.gms/.security.snet.SnetNormalTaskService"}</string>
  <string>{"flags":1,"ownerPackageName":"com.google.android.gms","ownerUserId":0,"tag":"IntentOp:.common.broadcast.BackgroundBroadcastReceiverSupport$GmsReceiverIntentOperation"}</string>
  <string>{"flags":1,"ownerPackageName":"com.google.android.gms","ownerUserId":0,"tag":"*gms_scheduler*/com.google.android.gms/.clearcut.uploader.QosUploaderService"}</string>
  <string>{"flags":1,"ownerPackageName":"android","ownerUserId":0,"tag":"*job*/notes/com.xiaomi/2423179808:android"}</string>
  <string>{"flags":1,"ownerPackageName":"android","ownerUserId":0,"tag":"*job*/com.miui.home/.launcher.AnalyticalDataCollectorJobService"}</string>
  <string>{"flags":1,"ownerPackageName":"android","ownerUserId":0,"tag":"*job*/com.miui.yellowpage/.job.YellowPageJobService"}</string>
  <string>{"flags":1,"ownerPackageName":"com.xiaomi.finddevice","ownerUserId":0,"tag":"QueueTaskInner[PersistentAppTaskManager[PhoneInfoUpdateTaskTaskManager]:PersistentAppTaskInner[com.xiaomi.finddevice.v2.update.PhoneInfoUpdateTask$UploadPhoneInfoIfFindDeviceOpenSubTask]]"}</string>
  <string>{"flags":1,"ownerPackageName":"com.midea.vm.washer","ownerUserId":0,"tag":"org.eclipse.paho.android.service.MqttConnection ujing_android_804a05ab5bac7f34 on host tcp://emq.ujing.online:1883"}</string>
  <string>{"flags":1,"ownerPackageName":"com.google.android.gms","ownerUserId":0,"tag":"*gms_scheduler*/com.google.android.gms/.semanticlocationhistory.deidentifieddata.uploads.BatchDeidentifiedDataUploadService"}</string>
  <string>{"flags":1,"ownerPackageName":"com.miui.cloudservice","ownerUserId":0,"tag":"push:micloudpush.pushmessage"}</string>
  <string>{"flags":1,"ownerPackageName":"android","ownerUserId":0,"tag":"*job*/com.miui.weather2/androidx.work.impl.background.systemjob.SystemJobService"}</string>
  <string>{"flags":1,"ownerPackageName":"com.xiaomi.finddevice","ownerUserId":0,"tag":"SecurityPush:SecurityContextUpdateService"}</string>
  <string>{"flags":1,"ownerPackageName":"android","ownerUserId":0,"tag":"handleAudioEvent"}</string>
  <string>{"flags":1,"ownerPackageName":"android","ownerUserId":0,"tag":"*job*/com.google.android.gms.drive.sync/com.google/s759803588@gmail.com:android"}</string>
  <string>{"flags":1,"ownerPackageName":"android","ownerUserId":0,"tag":"*job*/com.kiwibrowser.browser/org.chromium.components.background_task_scheduler.internal.BackgroundTaskJobService"}</string>
  <string>{"flags":128,"ownerPackageName":"com.android.systemui","ownerUserId":0,"tag":"gxzw"}</string>
  <string>{"flags":1,"ownerPackageName":"com.tencent.mm","ownerUserId":0,"tag":"MicroMsg.Alarm"}</string>
  <string>{"flags":1,"ownerPackageName":"com.android.bluetooth","ownerUserId":0,"tag":"HeadsetSystemInterface:VoiceRecognition"}</string>
  <string>{"flags":1,"ownerPackageName":"com.alibaba.android.rimet","ownerUserId":0,"tag":"fiid-sync"}</string>
  <string>{"flags":1,"ownerPackageName":"com.android.phone","ownerUserId":0,"tag":"GsmInboundSmsHandler"}</string>
  <string>{"flags":1,"ownerPackageName":"android","ownerUserId":0,"tag":"*sync*/miui.autofill/com.xiaomi/2423179808"}</string>
  <string>{"flags":1,"ownerPackageName":"android","ownerUserId":0,"tag":"*job*/com.miui.daemon/.mqsas.jobs.BackgroundWorkService"}</string>
  <string>{"flags":1,"ownerPackageName":"android","ownerUserId":0,"tag":"*job*/com.miui.cloudservice/.state.userinfo.PeriodicUploadSyncStatsJobService"}</string>
  <string>{"flags":1,"ownerPackageName":"com.google.android.gms","ownerUserId":0,"tag":"*gms_scheduler*/com.google.android.gms/.icing.indexapi.PeriodicRebuildIndexService"}</string>
  <string>{"flags":1,"ownerPackageName":"com.xiaomi.market","ownerUserId":0,"tag":"com.xiaomi.market.data.WakeLockManager/DownloadComplete_com.baidu.netdisk"}</string>
  <string>{"flags":1,"ownerPackageName":"jp.pxv.android","ownerUserId":0,"tag":"fiid-sync"}</string>
  <string>{"flags":1,"ownerPackageName":"com.dv.adm.pay","ownerUserId":0,"tag":"com.dv.adm.pay142"}</string>
  <string>{"flags":1,"ownerPackageName":"com.google.android.gms","ownerUserId":0,"tag":"*gms_scheduler*/com.google.android.gms/.gcm.gmsproc.GcmInGmsTaskService"}</string>
  <string>{"flags":1,"ownerPackageName":"android","ownerUserId":0,"tag":"*job*/com.miui.cloudbackup/.service.NotBackupNotificationCheckJobService"}</string>
  <string>{"flags":1,"ownerPackageName":"android","ownerUserId":0,"tag":"*job*/org.telegram.messenger/.KeepAliveJob"}</string>
  <string>{"flags":1,"ownerPackageName":"com.tencent.mm","ownerUserId":0,"tag":"StnCallBack"}</string>
  <string>{"flags":1,"ownerPackageName":"com.eg.android.AlipayGphone","ownerUserId":0,"tag":"bifrost.WakerLock"}</string>
  <string>{"flags":128,"ownerPackageName":"android","ownerUserId":0,"tag":"Window:com.miui.securitycenter"}</string>
  <string>{"flags":1,"ownerPackageName":"android","ownerUserId":0,"tag":"*job*/com.xiaomi.account/.config.notification.LoginPushJobService"}</string>
  <string>{"flags":1,"ownerPackageName":"android","ownerUserId":0,"tag":"*sync*/com.google.android.gms.games/com.google/s759803588@gmail.com"}</string>
  <string>{"flags":536870913,"ownerPackageName":"com.kugou.android.lite","ownerUserId":0,"tag":"com.kugou.common.utils.cd"}</string>
  <string>{"flags":1,"ownerPackageName":"com.xiaomi.market","ownerUserId":0,"tag":"com.xiaomi.market.data.WakeLockManager/com.miui.gallery"}</string>
  <string>{"flags":1,"ownerPackageName":"com.google.android.gms","ownerUserId":0,"tag":"IntentOp:.gcm.clientqueue.MessageRetryIntentOperation"}</string>
  <string>{"flags":1,"ownerPackageName":"com.android.vending","ownerUserId":0,"tag":"FlushLogs"}</string>
  <string>{"flags":6,"ownerPackageName":"com.android.incallui","ownerUserId":0,"tag":"InCallPresenterDimmed"}</string>
  <string>{"flags":1,"ownerPackageName":"android","ownerUserId":0,"tag":"*job*/com.miui.cloudbackup/.service.AutoBackupJobService"}</string>
  <string>{"flags":1,"ownerPackageName":"com.google.android.gms","ownerUserId":0,"tag":"*gms_scheduler*/com.google.android.gms/.chimera.container.ConfigService"}</string>
  <string>{"flags":1,"ownerPackageName":"android","ownerUserId":0,"tag":"*job*/com.xiaomi.market/.business_core.update.self.SelfUpdateService"}</string>
  <string>{"flags":1,"ownerPackageName":"android","ownerUserId":0,"tag":"*job*/call_log/com.xiaomi/2423179808:android"}</string>
  <string>{"flags":1,"ownerPackageName":"android","ownerUserId":0,"tag":"*job*/com.google.android.configupdater/.MainJobService"}</string>
  <string>{"flags":1,"ownerPackageName":"com.google.android.gms","ownerUserId":0,"tag":"AlarmManagerCompat"}</string>
  <string>{"flags":1,"ownerPackageName":"com.google.android.gms","ownerUserId":0,"tag":"messaging_service_work_wakelock"}</string>
  <string>{"flags":1,"ownerPackageName":"android","ownerUserId":0,"tag":"*sync*/com.baidu.searchbox.pushsyncadapter.dataSync/com.baidu.searchbox.push.datasync/百度"}</string>
  <string>{"flags":1,"ownerPackageName":"android","ownerUserId":0,"tag":"*job*/com.miui.tsmclient/androidx.work.impl.background.systemjob.SystemJobService"}</string>
  <string>{"flags":1,"ownerPackageName":"android","ownerUserId":0,"tag":"*job*/com.miui.cloudservice/.alipay.provision.KeyStoreJobService"}</string>
  <string>{"flags":1,"ownerPackageName":"android","ownerUserId":0,"tag":"WiredAccessoryManager"}</string>
  <string>{"flags":1,"ownerPackageName":"org.telegram.messenger","ownerUserId":0,"tag":"fiid-sync"}</string>
  <string>{"flags":1,"ownerPackageName":"android","ownerUserId":0,"tag":"*job*/com.miui.cleanmaster/androidx.work.impl.background.systemjob.SystemJobService"}</string>
  <string>{"flags":1,"ownerPackageName":"com.google.android.gms","ownerUserId":0,"tag":"IntentOp:com.google.android.gms/.chimera.PersistentIntentOperationService"}</string>
  <string>{"flags":268435466,"ownerPackageName":"com.android.deskclock","ownerUserId":0,"tag":"DC:AlarmClock"}</string>
  <string>{"flags":1,"ownerPackageName":"com.google.android.gms","ownerUserId":0,"tag":"CryptauthEnroller"}</string>
  <string>{"flags":1,"ownerPackageName":"com.miui.bugreport","ownerUserId":0,"tag":"com.miui.bugreport.service.BugreportGenerateService"}</string>
  <string>{"flags":1,"ownerPackageName":"com.miui.aod","ownerUserId":0,"tag":"DozeHost"}</string>
  <string>{"flags":128,"ownerPackageName":"android","ownerUserId":0,"tag":"Window:InputMethod"}</string>
  <string>{"flags":1,"ownerPackageName":"android","ownerUserId":0,"tag":"NetworkStats"}</string>
  <string>{"flags":1,"ownerPackageName":"com.dv.adm.pay","ownerUserId":0,"tag":"com.dv.adm.pay141"}</string>
  <string>{"flags":1,"ownerPackageName":"com.google.android.gms","ownerUserId":0,"tag":"GCMSEND"}</string>
  <string>{"flags":1,"ownerPackageName":"com.tencent.mm","ownerUserId":0,"tag":"MicroMsg.CoreService"}</string>
  <string>{"flags":1,"ownerPackageName":"android","ownerUserId":0,"tag":"*location*"}</string>
  <string>{"flags":1,"ownerPackageName":"android","ownerUserId":0,"tag":"*job*/android/com.android.server.blob.BlobStoreIdleJobService"}</string>
  <string>{"flags":1,"ownerPackageName":"com.xiaomi.market","ownerUserId":0,"tag":"com.xiaomi.market.data.WakeLockManager/DownloadComplete_bin.mt.plus"}</string>
  <string>{"flags":1,"ownerPackageName":"android","ownerUserId":0,"tag":"*job*/com.miui.gallery/androidx.work.impl.background.systemjob.SystemJobService"}</string>
  <string>{"flags":128,"ownerPackageName":"android","ownerUserId":0,"tag":"Window:gxzw_touch"}</string>
  <string>{"flags":1,"ownerPackageName":"android","ownerUserId":0,"tag":"*job*/com.android.deskclock/.JobSchedulerService"}</string>
  <string>{"flags":128,"ownerPackageName":"com.miui.aod","ownerUserId":0,"tag":"NotificationAnimationView"}</string>
  <string>{"flags":1,"ownerPackageName":"com.google.android.gms","ownerUserId":0,"tag":"*gms_scheduler*/com.google.android.gms/.instantapps.routing.DomainFilterUpdateService"}</string>
  <string>{"flags":1,"ownerPackageName":"com.google.android.gms","ownerUserId":0,"tag":"*gms_scheduler*/com.google.android.gms/.languageprofile.GcmTaskService"}</string>
  <string>{"flags":1,"ownerPackageName":"com.omarea.vtools","ownerUserId":0,"tag":"scene:BootService"}</string>
  <string>{"flags":1,"ownerPackageName":"android","ownerUserId":0,"tag":"*job*/com.android.phone/.TelephonyJobService"}</string>
  <string>{"flags":1,"ownerPackageName":"com.google.android.gms","ownerUserId":0,"tag":"*gms_scheduler*/com.google.android.gms/.backup.component.NoBackupNotificationService"}</string>
  <string>{"flags":1,"ownerPackageName":"android","ownerUserId":0,"tag":"*job*/com.google.android.location.reporting/com.google/s759803588@gmail.com:android"}</string>
  <string>{"flags":1,"ownerPackageName":"jp.pxv.android","ownerUserId":0,"tag":"wake:com.google.firebase.messaging"}</string>
  <string>{"flags":1,"ownerPackageName":"android","ownerUserId":0,"tag":"*job*/android/com.android.server.storage.DiskStatsLoggingService"}</string>
  <string>{"flags":1,"ownerPackageName":"android","ownerUserId":0,"tag":"*job*/com.baidu.netdisk.xiaomi.appunion/com.baidu.netdisk.backup.BackupJobService"}</string>
  <string>{"flags":1,"ownerPackageName":"com.google.android.gms","ownerUserId":0,"tag":"*gms_scheduler*/com.google.android.gms/.auth.account.be.accountstate.GcmTaskService"}</string>
  <string>{"flags":1,"ownerPackageName":"android","ownerUserId":0,"tag":"*job*/com.miui.cleanmaster/com.miui.optimizecenter.timed.TimedScanJobService"}</string>
  <string>{"flags":1,"ownerPackageName":"com.google.android.gms","ownerUserId":0,"tag":"*gms_scheduler*/com.google.android.gms/.pay.gcmtask.PayGcmTaskService"}</string>
  <string>{"flags":1,"ownerPackageName":"android","ownerUserId":0,"tag":"*sync*/com.google.android.location.reporting/com.google/s759803588@gmail.com"}</string>
  <string>{"flags":1,"ownerPackageName":"android","ownerUserId":0,"tag":"*job*/com.miui.daemon/.performance.statistics.services.GcBoosterService"}</string>
  <string>{"flags":1,"ownerPackageName":"android","ownerUserId":0,"tag":"ShutdownThread-cpu"}</string>
  <string>{"flags":1,"ownerPackageName":"com.tencent.mm","ownerUserId":0,"tag":"PlatformComm"}</string>
  <string>{"flags":1,"ownerPackageName":"com.google.android.gms","ownerUserId":0,"tag":"*gms_scheduler*/com.google.android.gms/.matchstick.task.ScheduledTaskService"}</string>
  <string>{"flags":1,"ownerPackageName":"com.google.android.gms","ownerUserId":0,"tag":"wake:com.google.android.gms/.auth.account.be.accountstate.LoginAccountsChangedIntentService - 999"}</string>
  <string>{"flags":1,"ownerPackageName":"android","ownerUserId":0,"tag":"*job*/com.miui.daemon/.performance.statistics.services.MeminfoService"}</string>
  <string>{"flags":1,"ownerPackageName":"android","ownerUserId":0,"tag":"*job*/com.xiaomi.account/.privacy.FetchPrivacyPolicyJobService"}</string>
  <string>{"flags":268435466,"ownerPackageName":"com.miui.voiceassist","ownerUserId":0,"tag":"xiaoai:ScreenWakeLockManager"}</string>
  <string>{"flags":1,"ownerPackageName":"android","ownerUserId":0,"tag":"*job*/com.android.providers.downloads/.DownloadIdleService"}</string>
  <string>{"flags":1,"ownerPackageName":"com.tencent.mm","ownerUserId":0,"tag":"MicroMsg.NetSceneSynCheck"}</string>
  <string>{"flags":1,"ownerPackageName":"android","ownerUserId":0,"tag":"*sync*/wifi/com.xiaomi/2423179808"}</string>
  <string>{"flags":1,"ownerPackageName":"com.google.android.gms","ownerUserId":0,"tag":"*gms_scheduler*/com.google.android.gms/.gass.chimera.SchedulePeriodicTasksService"}</string>
  <string>{"flags":1,"ownerPackageName":"android","ownerUserId":0,"tag":"*job*/com.azure.authenticator/androidx.work.impl.background.systemjob.SystemJobService"}</string>
  <string>{"flags":1,"ownerPackageName":"com.google.android.gms","ownerUserId":0,"tag":"*gms_scheduler*:internal"}</string>
  <string>{"flags":1,"ownerPackageName":"com.google.android.gms","ownerUserId":0,"tag":"*gms_scheduler*/com.google.android.gms/.ads.jams.NegotiationService"}</string>
  <string>{"flags":1,"ownerPackageName":"com.android.cellbroadcastservice","ownerUserId":0,"tag":"GsmCellBroadcastHandler"}</string>
  <string>{"flags":1,"ownerPackageName":"com.google.android.gms","ownerUserId":0,"tag":"IntentOp:.thunderbird.OutgoingEmergencyIntentOperation"}</string>
  <string>{"flags":1,"ownerPackageName":"com.jingdong.app.mall","ownerUserId":0,"tag":"MyWakelockTag"}</string>
  <string>{"flags":1,"ownerPackageName":"android","ownerUserId":0,"tag":"*job*/com.miui.browser/com.xiaomi/2423179808:android"}</string>
  <string>{"flags":1,"ownerPackageName":"com.xiaomi.market","ownerUserId":0,"tag":"com.xiaomi.market.data.WakeLockManager/com.miui.mediaeditor"}</string>
  <string>{"flags":1,"ownerPackageName":"android","ownerUserId":0,"tag":"*sync*/subscribedfeeds/com.google/s759803588@gmail.com"}</string>
</set>