<?xml version='1.0' encoding='utf-8' standalone='yes' ?>
<map>
    <string name="com.paget96.batteryguru">-1</string>
    <string name="com.fkzhang.wechatxposed">-1</string>
    <string name="com.viewblocker.jrsen">-1</string>
    <string name="com.mi.health">-1</string>
    <string name="com.jozein.xedgepro">-1</string>
    <string name="com.tencent.mobileqq">0</string>
    <string name="com.jwg.searchEVO">1</string>
    <string name="com.tencent.qqlite">-1</string>
    <string name="com.xiaomi.wearable">-1</string>
</map>
