<?xml version='1.0' encoding='UTF-8' standalone='yes' ?>
<settings version="-1">
  <setting id="59" name="PREF_SHOW_CURRENT_ACTIVITY_COMPONENT_ENABLED" value="false" package="android" defaultValue="false" defaultSysSet="true" tag="tornaco" />
  <setting id="46" name="PREF_CLEAN_UP_ON_TASK_REMOVED" value="true" package="android" defaultValue="true" defaultSysSet="true" tag="tornaco" />
  <setting id="9" name="PREF_START_BLOCKER_ENABLED" value="true" package="android" defaultValue="true" defaultSysSet="true" tag="tornaco" />
  <setting id="30" name="PREF_SMART_FREEZE_ENABLED_ON_LAUNCH_BY_DEFAULT" value="false" package="android" defaultValue="false" defaultSysSet="true" tag="tornaco" />
  <setting id="0" name="PREF_OPS_HAS_MIGRATE_TO_ANDROID_S" value="true" package="android" defaultValue="true" defaultSysSet="true" tag="tornaco" />
  <setting id="1" name="PREF_PROFILE_HAS_MIGRATED" value="true" package="android" defaultValue="true" defaultSysSet="true" tag="tornaco" />
  <setting id="60" name="PREF_FIRST_ACTIVATE_thanox@tornaco:a3826a42-6840-4789-b8a0-74ccd4d0c302" value="false" package="android" defaultValue="false" defaultSysSet="true" tag="tornaco" />
  <setting id="3" name="APP_PREF_H_C_S_K_I_P_L_C" value="1" package="android" defaultValue="1" defaultSysSet="true" tag="tornaco" />
  <setting id="31" name="PREF_FREEZE_PKG_USE_SUSPEND" value="false" package="android" defaultValue="false" defaultSysSet="true" tag="tornaco" />
  <setting id="5" name="PREF_KEY_APP_THEME_PREFER_L" value="Auto" package="android" defaultValue="Auto" defaultSysSet="true" tag="tornaco" />
  <setting id="49" name="PREF_PROTECTED_WHITE_LIST_ENABLED" value="false" package="android" defaultValue="false" defaultSysSet="true" tag="tornaco" />
  <setting id="39" name="PREF_NET_STAT_TRACKER_ENABLED" value="false" package="android" defaultValue="false" defaultSysSet="true" tag="tornaco" />
  <setting id="43" name="PREF_POWER_SAVE_ENABLED" value="false" package="android" defaultValue="false" defaultSysSet="true" tag="tornaco" />
  <setting id="53" name="PREF_PROFILE_SU_ENABLED" value="false" package="android" defaultValue="false" defaultSysSet="true" tag="tornaco" />
  <setting id="4" name="PREF_KEY_APP_THEME" value="Auto" package="android" defaultValue="Auto" defaultSysSet="true" tag="tornaco" />
  <setting id="47" name="PREF_FIRST_ACTIVATE_thanox@tornaco:ffd325fa-cc40-4619-8718-747f17bc7101" value="false" package="android" defaultValue="false" defaultSysSet="true" tag="tornaco" />
  <setting id="61" name="PREF_PROFILE_ENABLED" value="false" package="android" defaultValue="false" defaultSysSet="true" tag="tornaco" />
  <setting id="2" name="PREF_FIRST_ACTIVATE_thanox@tornaco:3d7e3265-c644-4f39-a045-d8472e4a4faa" value="false" package="android" defaultValue="false" defaultSysSet="true" tag="tornaco" />
  <setting id="29" name="PREF_SMART_FREEZE_SCREEN_OFF_CHECK_ENABLED" value="true" package="android" defaultValue="true" defaultSysSet="true" tag="tornaco" />
  <setting id="45" name="PREF_WAKELOCK_BLOCKER_ENABLED" value="false" package="android" defaultValue="false" defaultSysSet="true" tag="tornaco" />
</settings>